2,1748458259,ece261f01b91aa1f777f2add3ed910b5f4f5043a,8848,75024,1096,109768
2,1748474421,b426d69c13a1ff644c98193da18e1c11157d9243,8848,75024,1096,109768
2,1748555455,6e365062fe9de1a7e237dc1b23d7205422b26e10,8848,75024,1096,109768
2,1748600995,e723b274e4dbefab93994ddde95f586db4be5d91,8848,75024,1096,109768
2,1748637605,cc657a5e612b69faefd8e4cd0f6517226bc07511,8848,75024,1096,109768
2,1748689472,8b89d102fd821ee8f782d7d1386baedb15075022,8848,75024,1096,109768
2,1748692627,d06f1a56db63aeaa529e0f27e8c14a637d51b686,8848,75024,1096,109768
2,1748696090,e443e7f2155cd07257c3cfeb013020a85be5d5a0,8848,75024,1096,109768
2,1748696945,be962339f8a9229a93d4eab6478d87bebb617f16,8848,75024,1096,109768
2,1748701927,85edce060680a509d8ae8bc2c7daf3a0f631394a,8848,75024,1096,109768
