2,1651862764,e612a219416737d0c05709b64184e7e6e4db1e62,30008,618872,1326,15944933
2,1651863566,73d5cd81612ba3d43b4988e10421c378f96732de,30008,618872,1326,15944933
2,1651874085,21cd65ed1a6ef0dcc0436795e7a2ea3ce0e086e7,30064,618872,1326,15944933
2,1652008380,7aec09b98d849bf8eee10fc5f90ce2ae590f5336,30064,618872,1326,15944933
2,1652025117,190fc8a03d79a42a65202b989c258656052807ce,30344,618872,1326,15944933
2,1652111555,811552d60835b1d2283c60828d3c2054868c9df7,30632,618872,1326,15944933
2,1652140664,1d0cefa28137ef377c5b7dff232486fe89eaf216,31628,618872,1326,15944933
2,1652193838,81ec2e445a4564495a675f3751a9f69654fc55b9,31980,618872,1326,15944933
2,1652194400,9ba1b6c531c67599e0f14c04cf0bda0c10fdb050,31980,618872,1326,15944933
2,1652203877,b727126e16ad7edeef946b42293fbb224d320f46,31980,618872,1382,15944933
2,1652215996,6294ff463052867f9c3f5f2a89ff46766657d0c7,31980,618872,1726,15944933
2,1652217984,219f7cdfc40ee59819726b81d05b8fbb5fdd1239,31980,618872,1726,15944933
2,1652219406,c1eaac68fabfbb969a736521ec0dfa62f6c20f33,31980,618872,1726,15944933
2,1652219737,5a4314cfc08f8bb2eafe746bc1cc7feae22185da,31980,618872,1726,15944933
2,1652223295,6d73ffb3342ff5599a43d6d17b208704f63449e0,31980,618872,1726,15944933
2,1652273101,66aba058c3a2ef64304db91be755c666a91fd1a0,31980,618872,1726,15944933
2,1652273490,4dec7824e1fc997d2b5aa7eaf05da6b79dd66df6,31980,618872,2078,15944933
2,1652276218,5ecd52a471d2749885de99cda9689563a54398ec,31980,618872,2078,15944933
2,1652278071,dcb90ccbd7d5bca355c9a7dc7021523a89868f2e,31980,618872,2078,15944933
2,1652281663,cd046fc8622a09689936b4a4efbfad9631390a47,31980,618872,2078,15944933
2,1652284664,970a3eedf2b33409685765d7ca087e2f4d4f4cf4,31980,618872,2078,15944933
2,1652288222,d0c9fd2a05a472ae6142b9b460602cc120f8c393,31980,618872,2078,15944933
2,1652300496,28717b06d24a403d6694fdc96e682d8da96aa5cd,31980,618872,2272,15944931
2,1652305978,dc85baf4f0444439aef8f3877058f9a42d127567,31980,618872,2272,15944931
2,1652311716,37f3618b9cd4f0187b4f2a24b5bc8cd4e841148e,31980,618872,2272,15944931
2,1652354819,565ed7f90758606eadbbde064945c827c5056238,31980,618872,2272,15944931
2,1652374109,26cf7dde3a1b851618827945b4f47dfc91ba8deb,31980,618872,2272,15944931
2,1652388822,147db52f71645925380caf45b9c6f388d4d42d9b,31980,618872,2272,15944931
2,1652393779,2468d6bddc1472f87d6046ca9f17c145d5abfb3b,32220,618872,2272,15944931
2,1652399265,f7d137c1dc32d96dde379ac50c358f22373c1875,32220,618872,4348,15944931
2,1652405400,b83e49436f2400c481b7285d681226418a9cebed,32220,618872,6908,15944931
2,1652406060,f2e1ad2a2418b94cdd64c4d8a4112e9791648004,32220,618872,6908,15944931
2,1652434568,c34f532fc659ede873ec72463f44c5336c59fba5,32220,618872,6908,15944931
2,1652434777,0b0f5d48f543ccef412f2f7efb421ed05c5ecbcd,32220,618872,6908,15944931
2,1652455982,5b3787ca7887ece40c38c8df6726aa762bc70b3c,32220,618872,6908,15944931
2,1652481754,34b033bfcfdfe98d67b4f48bf3f98c272d93779e,32220,618872,6908,15944931
2,1652492751,464704892792c64397b6f28125302e1d3df3e931,32220,618872,6908,15944931
2,1652531154,589203072d0dd2cf989ecf08d58502d15a482c22,32220,618872,6908,15944931
2,1652589455,72fa609de802e8f451e7403d16466a79b0196624,32408,618872,6908,15944931
2,1652598831,314456a1ce001347c6be3a147766d83bc25ced70,32940,618872,6908,15944931
2,1652611541,d47bbc236758eced453ab40bd739fc4b07ead3b9,33576,618872,6908,15944931
2,1652614562,542603756e91e639cbd58ee6184be8524f97c31a,33912,618872,6908,15944931
2,1652807390,16a5951472a848f659cc6220515f24b03af8f331,34252,618872,6908,15944931
2,1652829350,22c82b2e9cb52a3b543156093c5ea06d6cefa034,35248,618872,6908,15944931
2,1652894736,6e7b023b9c39063c6ca62da91be0564970789505,35696,618872,6908,15944931
2,1652902028,dd555f25cb9e5fe8b61596f0a2f90bde8862b632,36468,618872,6908,15944931
2,1652911003,3518795584bb0dbc1af34ec91fc870baa7fae5bf,37228,618872,6908,15944931
2,1652960318,2dc65d1ef327bba8884e9ef1a5bc7a8e2f4438c1,37228,618872,6908,15944931
2,1653127002,eab6a42fc14b8a3d61bff3abc3b82c3525c074e5,37228,618872,6908,15944931
2,1653163216,5e89f010767aab17b2cb3cdc7e15d7f8ae1ccde3,37684,618872,6908,15944931
2,1653175354,f86af346b35764b99eac64ba221d850e64dfba92,37776,618872,6908,15944931
2,1653176515,c2361638da868cdc82acfb16726f77033b2bc2ba,38328,618872,6908,15944931
2,1653177257,b370e5ad64499f14dc355cf3ab945b8f5ba374a5,38504,618872,6908,15944931
2,1653178266,b076fbfacceb55e378e1139e5a009303e476c29b,38504,618872,6908,15944931
2,1653216698,5da819f7fc27663e68dce6e4671a78cbfdbea544,38504,618872,6908,15944931
2,1653222191,a25244ac5de2c841331f2343e3e34103f9517e7c,39336,618872,6908,15944931
2,1653308856,d63a6acd23664e3a92d4d83d3106fa15ba6fc992,39728,618872,6908,15944931
2,1653381763,aaac2121bdbf116fc49c87f8c472132dd5243393,40264,618872,6908,15944931
2,1653432517,f080cbc2374493818a494dedce6760403efa6519,41552,618872,6908,15944931
2,1653517824,f76874b16b45ff15626985678014f4339fe9bba2,41844,618872,6908,15944931
2,1653552952,228437b99e1b4d4c59c3dffbf6f3c102677e5651,41844,618872,6908,15944931
2,1653731552,3e51286f26910861d821f5f1ed1ecf1e7438321b,42576,618872,6908,15944931
2,1653777024,35ad994ff3f78ce8323025520fab0bdba0c0f55c,44644,618872,6908,15944931
2,1653841540,a0094dac3078caa79f4130e65b6eb7bf467729df,45656,618872,6908,15944931
2,1653860886,bb4e2b21f3b3742163c16a900ff308077b1958ab,46840,618872,6908,15944931
2,1653868399,147f924812cc8876efa8134dc59ea467c4de8281,47980,618872,6908,15944931
2,1653871662,5e65ea16449bab81c0ab8d3b4f4df7276594c6d6,48232,618872,6908,15944931
2,1653912398,421e3ac9775f42e75e12cc034ab67504a4039cc1,48232,618872,6908,15944931
2,1653982003,302ad983a907ebded2eaa19c34bea4484ba459f3,49884,618872,6908,15944931
2,1653993113,968d2079e80cb4fec0526ee63eeddff4dab5f1b6,49884,618872,6908,15944931
2,1654017260,67d7adaecfaa31ef57dd28a9280d14d1381fd455,49884,618872,6908,15944931
2,1654070713,79a8ee44630009b1feada322eb8f53dd8538b126,50544,618872,6908,15944931
2,1654089732,8afc09058756f2820c97f9f7700970d36d2d41f7,50896,618872,6908,15944931
2,1654099958,20feacc486e8121d78f2b9574bd335771132da46,51864,618872,6908,15944931
2,1654106947,7dd728c6157582d023209c4d1c1e02be340f2a54,51864,618872,6908,15944931
2,1654109449,cd5fd5e8c6b20953bc0160981c5e844e8704af9b,52336,618872,6908,15944931
2,1654128237,cd1bf617e76ec43ccde1e2ef982c860358798131,53000,618872,6908,15944931
2,1654334933,334ce1233ee49d91dfadead32270eb3e0a0be73f,53728,618872,6908,15944931
2,1654441543,525798138075a61faa07bf0ab3463dfcf83281eb,55092,618872,6908,15944931
2,1654448053,de0999923f560e724f1bcf9ddf2e4858a89bc558,55500,618872,6908,15944931
2,1654463333,fc4e84e0ab5341175131a35b09fe6bc3a75bc35c,55636,618872,6908,15944931
2,1654551390,d259ac4e0f39fb741b402c5b613024cc00338bb8,55636,618872,6908,15944931
2,1654559122,82ac4f75dd53dbc1ea57e72cddc180aca2f6eb37,55636,618872,6908,15944931
2,1654861877,9f231ea465cb2cd6c0cb48141520dcdb2347be10,57064,618872,6908,15944931
2,1654937918,c34e3d32604f6e388848e60b4df91760cc46590d,57996,618872,6908,15944931
2,1655027601,c1f68d3c82db69a1b917a98f9dfbd54a59c9dbad,59676,618872,6908,15944931
2,1655065096,7937c0950045d54d488811aa7f68ce6dc1da3549,60596,618872,6908,15944931
2,1655580661,ccd557e71d743af2b3d489f55a345be7deca7ea0,60848,618872,6908,15944931
2,1655588086,278ec619d0a5138b2dd7f3f0d2251627812b19e3,62448,618872,6908,15944931
2,1655593676,69fe18dcd87dd9b98b6700ae7456b51a3b4835b8,62916,618872,6908,15944931
2,1655644982,2db0a408254a0e45dedb839d5b61a9f23783b2fb,63280,618872,6908,15944931
2,1655677098,8efe41b7791b405d49525da05648f02072a6f97a,63916,618872,6908,15944931
2,1656542565,8d89b19d8511e3b4e11f0546d9953546d4d6578d,64952,618872,6908,15944931
2,1656543659,80923ecf12445d3546ad61dd8846a7f34d9bced1,64952,618872,6908,15944931
2,1656630533,6313af5f477c88c4e93bd185b466768ca1ef4211,65644,618872,6908,15944931
2,1656717512,66f4158788f6e15f2cbdfae300ffa671df5e3a3d,66000,618872,6908,15944931
2,1656718906,2a2f3ba4e5a678c48e2d8500ec3181f86f5ae931,66000,618872,6908,15944931
2,1656766004,ab042ac9a8c8f8cfa0ee6407a6832d141f9026d1,66000,618872,6908,15944931
2,1656788119,83ada881321a3bde8f0402cafa3efa471ce005cf,66000,618872,6908,15944931
2,1656849480,af2e3ab97e7164e3ff5f2068ee77995804299a3d,66000,618872,6908,15944931
2,1656860580,a126ecc05cbbf1fc0f0507d7b85e3789d3bfbad3,66000,618872,6908,15944931
2,1656886414,02725dbc964f2f163a2bc3b3cf31f00a98543e5c,66000,618872,6908,15944931
2,1656977785,b58ccd5d2d835d615ebffedc5d136c0e42e7d23a,66000,618872,6908,15944931
2,1657066324,2e413a86bc8de93801832ec66726a21635e5b1b4,66000,618872,6908,15944931
2,1657237913,b68c53017d495cb0bad7bf4352544af3c5509258,66000,618872,6908,15944931
2,1657395097,5eba20dbf9fe9b7f62e6a9db88e87496653e550d,66000,618872,6908,15944931
2,1657411017,fc3a5696236b4f8b47d281a00bba20ad55e81544,66000,618872,6908,15944931
2,1657451863,e1d78500b2a2f6d8cc9d73c9afb0f20e4783831b,66000,618872,6908,15944931
2,1657453870,91344e19a82232c18175222448ee405f2555ab6d,66000,618872,6908,15944931
2,1657456190,ddfe4481d80ae58c7f4150873f626bd3c041b24e,66000,618872,6908,15944931
2,1657476907,bd400dfd6de19794d95e880afcadfcd92406f00f,66000,618872,6908,15944931
2,1657490825,5a2e7629ed71544eb303990f670f5afa170d265c,66000,618872,6908,15944931
2,1657493348,84b66ab6aca621953195ddda2d02e62099efd79c,66000,618872,6908,15944931
2,1657494594,07446da731bccc8078ebefc37c67b63767004d29,66000,618872,6908,15944931
2,1657496917,357766350892cc8a319f875f5f60ecf9843d6443,66000,618872,6908,15944931
2,1657497552,97b5e69d3e85008f571e827c96a49107f7ea198f,66000,618872,6908,15944931
2,1657571827,db9c998efdbef9c943fb598f1a94ca29be309081,66000,618872,7148,15944931
2,1657580493,f1fe31928fd9ae0607a855e7f9765d0270809d2e,66000,618872,7844,15944931
2,1657585706,1d67ec7c6d3f7a7be83dfed6c01de71e59cdcb9e,66000,618872,10524,15944931
2,1657586008,f302956109b83aa1f040569c83f437a6a4af58ae,66000,618872,10524,15944931
2,1657726848,e28d3d6e410d82623535e48bda79c13a58da36c1,66348,618872,10524,15944931
2,1657748018,8e0880b85262c06577ef359095c9c91f76eb1983,66348,618872,10524,15944931
2,1657962580,e2a8eff812e609471c5420367511ac67cc7c1bda,67224,618872,10524,15944931
2,1657970415,7a3dbfa44e3cfbaf08ebd7205534d7f3bc63a891,68224,618872,10524,15944931
2,1658036579,8988b335030958d53f4cb6ac2420a24b2c4fbda0,69356,618872,10524,15944931
2,1658050734,a322cd1606716331d1a74711fabeb88ccf825bcb,70516,618872,10524,15944931
2,1658066133,7ea46bab95dfc42f8966de821646c24881e60534,70516,618872,10524,15944931
2,1658072536,7fae30c5c4541a9b0f747dcb01e0513c2689d260,70516,618872,12444,15944931
2,1658072783,58f3d9af38c1dd70c797d90de4fd33a0840dd010,70516,618872,12444,15944931
2,1658263098,cb4bd1566e68ca2f65c22019a913d6017885c578,70856,618872,12444,15944931
2,1658266208,87760fd7e2b970d8f25816903623f8f406e88d39,70856,618872,12444,15944931
2,1658270980,2fb3dbd426ffc79a3cf89d79a547c89fc8f1f0b1,70856,618872,12444,15944931
2,1658272474,36c6f6360e9c4f043b541fb48db5a06d7310c495,70856,618872,12444,15944931
2,1658359588,2f9b86feb801c6c18f598f471a9f50b1618905ef,71072,618872,12444,15944931
2,1658360166,8a89d59150b9c68345b7753712ab9065a3320565,71164,618872,12444,15944931
2,1658417610,362a398e2f627dd17b5ef6542d3ed9ee5615dca5,71164,618872,12444,15944931
2,1658436006,3dccee3642b3ac37613d2533aff3870ddf3aa712,71516,618872,12444,15944931
2,1658437461,3f1522960461df3837228a45cee32f0524e5f4b7,71516,618872,12444,15944931
2,1658437964,70714aca1df611bc095adbb2bb12aa1ab33ea8fb,71516,618872,12444,15944931
2,1658439777,ce31d5952fe355c5cf6135843d827cde60da7de1,71560,618872,12444,15944931
2,1658451458,f2bf839e300f50939432538c4d5acca61ab65593,72056,618872,12444,15944931
2,1658457722,a2c7b51bab523a71fab8699653bfbc53141dbc0e,72056,618872,12444,15944931
2,1658513368,2e8421f3fbd07db5c81540022a25c222c598f526,72288,618872,12444,15944931
2,1658516126,7a0dfd810c3b152b76934bedf250b80ccde9f2aa,72288,618872,12444,15944931
2,1658617420,b0fc8c0f80736f34f8cbf1adf22ed0813e9597e6,73100,618872,12444,15944931
2,1658693212,af129314a72e7a6e7c41e4e8d510861859b2f1a2,74604,618872,12444,15944931
2,1658697592,118dcb088c9e9f646309da4cd31639bdeab2c8b6,74604,618872,12444,15944931
2,1658704171,c5861d20917f3e5f4e3ae31661211479a92b74cb,75328,618872,12444,15944931
2,1658740092,5cfbe305f757663ca81ac8905b33fca56c098aa5,75328,618872,12444,15944931
2,1658754850,c8ab0ff9f2cae6adc53b2ecd841f00d5f0a0b3c4,75328,618872,12444,15944931
2,1658937611,d90914a07a57f5692b64a40bff6828f7851c7dc5,75328,618872,12444,15944931
2,1658937643,db5847517db5722d488b9cfa54455d855386972b,75328,618872,12668,15944931
2,1659714702,a81198d6de75356608ba8b801abb8d50b28fed58,77140,618872,12668,15944931
2,1659742310,9212eefec4180dc213a4a84f244b1eacbc717ac3,78500,618872,12668,15944931
2,1659806172,fd8c2c1abbd04043e696a4d91d88a77ea01c438f,79488,618872,12668,15944931
2,1659809437,b21ddf8702dced25ee61f1e8f72236c7869181b0,79488,618872,12668,15944931
2,1659909461,f3a0dfc4a24490a3dfc1def6a3d6db5f7b4d74b1,79488,618872,12668,15944931
2,1660516005,91a56eb02fbf1da078ac19dce31d8c13b8304ecf,80028,618872,12668,15944931
2,1660579267,a75e8a2d0c315cc8991cfd0606da58d5bcb5e809,80800,618872,12668,15944931
2,1660605713,5a68ed50d5794d8af746412dbfacd32d0c8204a5,81712,618872,12668,15944931
2,1660680573,7712c7a141972f9f0de3aeb02707ff3eaabd1711,81952,618872,12668,15944931
2,1660685498,d4be483af18ed7af1010f5d16aac9162654f0492,81952,618872,12668,15944931
2,1661442214,ea805f036c60538f7245fdade879a25a61855511,82888,618872,12668,15944931
2,1661477096,a30c69b62c4a24c903f38a058377eb9b691fd867,84396,618872,12668,15944931
2,1661529656,a55d6e77fd03bed44470c585c2cb48d9dda48efb,84620,618872,12668,15944931
2,1661706006,fb8f8598a09e08fd086d84594ea9e484029f4488,85796,618872,12668,15944931
2,1661707227,2a7e1163ad3fba7fac032352af09509953a30757,85796,618872,12668,15944931
2,1661769654,830c8c18bbb4975efc86630f5482438a49402764,85980,618872,12668,15944931
2,1661771742,664189cc90b90c367bb5f73338b6495a08cc830d,86068,618872,12668,15944931
2,1661868501,83d90490d2e1821e72e73652c97f08dbe3b15351,86068,618872,12668,15944931
2,1661880327,e87689fec0ff6f23b7cdc5024f3d26d87a4017ed,86068,618872,12668,15944931
2,1661884091,5b89f8823ad561c94a732ebced1798d7318567bd,86068,618872,12668,15944931
2,1661902178,d25b626133a1cfa571900b63d6de799c1b10645e,86068,618872,12668,15944931
2,1661902755,1e57c9394145c833fe95511f801457741a3db684,86068,618872,12716,15944931
2,1661990247,651fd65e85705df1a6fef1acc406e3b134cb6a84,86068,618872,12716,15944931
2,1662076434,aaf544cc7cd0f2ab3e8c1a637c689bdb3127d3f8,86068,618872,12716,15944931
2,1662076988,3b20256b2b519636ae3ccea3c4e59871fcc7a548,86068,618872,12716,15944931
2,1662132648,5ceb3dc8c19e0159743fa9d4878061ce826638d1,86068,618872,13036,12628787
2,1662205231,2b51612204fa1d9d89e4f706e7cf96d25514f88b,86068,618872,13966,12628785
2,1662207485,23f199059a22f37f070ee3b0e70bf52be5a33af3,86068,618872,13966,12628785
2,1662231763,56cb3940b0f06f06b760dd10b9e98b7db5077843,86612,618872,13966,12628785
2,1662330663,d179c9a3fb465959cc725f3867f7c51cf2bbfba5,88860,618872,13966,12628785
2,1662421118,5376b35dcc8425651c12ce366dc969366d01e029,90476,618872,13966,12628785
2,1662543094,aa6caccf0308cdf5f720b2003ae69578870a7a05,91208,618872,13966,12628785
2,1662592731,2d5efc01b0579513c13eaaa6b76baa2928b669ab,92428,618872,13966,12628785
2,1662897886,e3ca062f817049478ade9109aaf462751022eb80,94352,618872,13966,12628785
2,1662903411,23ff7f6e7257f5c7375f86bf90ce825ae44d6efd,94352,618872,13966,12628785
2,1663026775,7bbb27fdf0ca6f2bec17377f7b88e92627fbc753,95088,618872,13966,12628785
2,1663113547,228a4606ac9172257442df50f12cd751bb25c867,86068,618872,14193,12628784
2,1663195016,821a9c32f59665c46ba14e856810b8d28bc493b5,86068,618872,14193,12628784
2,1663200574,310380f5999f4e33048dbe374336dbc337217225,86068,618872,14193,12628784
2,1663321941,875a8072ccc7ae5b813793bd667a39c7c011bdc1,87772,618872,14193,12628784
2,1663373478,d67250dd04980fe0e7fe8b2928a5088155ffc711,89792,618872,14193,12628784
2,1663432725,f5548febc0bc9b8c07c78eda1a88f705c9d3f638,91500,618872,14193,12628784
2,1663462950,f4bb250976f9f91b2e6db3bd25a67fe1c98950fe,91956,618872,14193,12628784
2,1663502796,595f56ec43750ec81371a12329674d78544591d9,92608,618872,14193,12628784
2,1663512922,c4f893ab38fabcd3a51f3cdabc10ae6102d1f526,92608,618872,14193,12628784
2,1663540101,ff582270f7e0854355e53f57070b64ce43e92956,92608,618872,14193,12628784
2,1663544782,cb3e9559c00c9f21fbaf274c30f9c78a3729a1ee,92608,618872,14801,12628784
2,1663583191,2ed516f257ab174c4183bcf85471b0b1502f5b09,93592,618872,14801,12628784
2,1663591795,5ab5d9e465dbe0751c9928c5394d8b3fc4b81935,94408,618872,14801,12628784
2,1663621971,048514b6ecbc02c9b3339cf53a98c3ead6f0a302,95940,618872,14801,12628784
2,1663630664,928689c315c0279ec1441dfc864e5cbe49159b30,96436,618872,14801,12628784
2,1663670390,31c2495c01af4a1739a2b5fa262a001913841433,96436,618872,14801,12628784
2,1663685785,01df18661841006ad81c9e1e09ccb67401d200c0,97132,618872,14801,12628784
2,1663747147,ed0ca54925258506fb7d89fddfca9d2d5568cd37,98792,618872,14801,12628784
2,1663957505,68d186b325f2a18615fa52e757f08cb38e5f1380,99648,618872,14801,12628784
2,1664014565,abdf601b865f3b7a5709bdb2eb71957830f921ff,99876,618872,14801,12628784
2,1664015719,4a54d683cb059e50e40a5c444914b623eaf488c5,99876,618872,14801,12628784
2,1664042995,d583b14e132a4a86e60d399864e79071692e3dee,100520,618872,14801,12628784
2,1664047672,3a6899782ec2522b8ea89d96e5647748cc1abbf0,100708,618872,14801,12628784
2,1664188267,201c86157230b2ed8dd8894e6b886f93ca2757e9,101540,618872,14801,12628784
2,1664219988,a8d8e4775880fad125237c75a008ea0526522e84,103452,618872,14801,12628784
2,1664230850,f528e688b23abb3f7c1d1849d8388de2debbe0a5,104700,618872,14801,12628784
2,1664327117,6eeb8182c916b90c1133a3fd1581be71683f395a,104700,618872,14801,12628784
2,1664383505,49a980f2c22bdc1839ed33085769207af7df9fa0,105260,618872,14801,12628784
2,1664408756,7e633b2bc77f8d50f3a53db8ec44082e8b8ff070,105260,618872,14801,12628784
2,1664410153,34e0fef1aa1752045d67bc6d236cfe7e6970c2de,105260,618872,14801,12628784
2,1664411314,67fb10ef6efbd0215dc7e852963fc1396e73b021,105260,618872,14801,12628784
2,1664500263,c7b6a902105d2c1bb630161faec50bf034b4d3c5,105260,618872,14801,12628784
2,1664560754,20b5b288e70e0a6a509103df21dc77248a959ce1,105260,618872,15561,12628784
2,1664563706,1e60fb66d6735678423f49914b13a8f2129c4e9f,105260,618872,15613,12628784
2,1664579941,5af5d1823081d7abbbf54f24fe2f78bbbd35b205,105416,618872,15613,12628784
2,1664623795,171f6b1fe520e379f61ff45022b5dc9107a956d0,106288,618872,15613,12628784
2,1664656711,cc54416e66fa2c64b50c77338537cbc5a18f1a13,106980,618872,15613,12628784
2,1664669372,e980a84ca11d4a0f555db85b780bd18a7f0778ea,107832,618872,15613,12628784
2,1664720644,19df488f70c45ae47a3046be03006252773fe774,108968,618872,15613,12628784
2,1664748214,ddcae016432039fcfec6ca3a3a3bd3abd70b2823,111572,618872,15613,12628784
2,1664787253,afe1650bc49c6c81fae75a41899039230e09cf53,111572,618872,15613,12628784
2,1664816600,fa553955900dab99f1dd02e7eac7158bbd8e185b,112240,618872,15697,12628784
2,1664834408,b5ce890a2388e7c8d1daa3288d2a302c851b6b84,112240,618872,15697,12628784
2,1664838143,3c21ac05542d29104de59e6dcace75cac44fc98b,112240,618872,15697,12628784
2,1664924095,e1368099ccbc3cb9f33c1ea9bf3b0b854b570b0d,113268,618872,15781,12628784
2,1664925469,4e03cf6bad0044b9401f6b86ab35222af448e35c,113544,618872,15781,12628784
2,1664929867,4814325e9479b9417243bfbc075ce658eb253f6b,114104,618872,15781,12628784
2,1665010981,a990b5747d8ce11fefec27ce9889d4fac611bf80,114832,618872,15821,12628784
2,1665185482,d00b83c4bb64956e00b70b3a66c7242909367b74,114832,618872,15857,12628784
2,1665237825,b5af8460f6eedd669b26f958bcc7afcc4b2e5232,114832,618872,15857,12628784
2,1665240172,420dc42e31a1d68960098faeca77cb18c7f4ff29,114832,618872,15857,12628784
2,1665248498,55bec910fcb324826a143fd48745b476e22a7f20,114832,618872,15857,12628784
2,1665251137,d7fa4dbfbe0242a79314fd73a043c0f8f0432e79,114832,618872,15857,12628784
2,1665260249,f79485e8d22a5f78628272e815d041ba0b537b7a,114832,618872,15857,12628784
2,1665310001,f0eed167720b141c2d47713d3cb09a1dc39522bb,114832,618872,15857,12628784
2,1665332822,a0f03c78bd1d5d5c36427eed66be5c312d9e3118,116188,618872,15857,12628784
2,1665340367,9a58f5a1bcbd6ae542c348f47d6b6021dec0e149,117936,618872,15857,12628784
2,1665356953,d5c6c8b4e3bee865f60169fa1780f035b8d885c9,118652,618872,15857,12628784
2,1665440252,717fce635306cb7baa99b867a5163a9ead258bd3,119184,618872,15857,12628784
2,1665829550,158f3f30810f550526fe76835aa3dc7ea10f3662,119668,618872,15857,12628784
2,1665969829,564b18d2b6773bf8163cf63e824e5f42bd612b4d,119988,618872,15857,12628784
2,1666441956,28e3c45752c9c0a817641650a78c380495c785f0,120196,618872,15857,12628784
2,1666445576,38374fe98cf2b955816c80dd68ad0d011cfbbd12,121044,618872,15857,12628784
2,1666469744,88e0fab70ee40853c40df8b710b2a9aa1fb73967,122524,618872,15857,12628784
2,1666471306,d83b2cb269516050dc577c596f6080bbc37812b5,122672,618872,15857,12628784
2,1666478697,2077a2f1b30695433f99b260a7ed9f6132397673,123556,618872,15857,12628784
2,1666529950,bee6bc0e88e8d87608703258b1e58796f9ef8d66,124484,618872,15857,12628784
2,1666536542,b895711aa020f93cd20557c8c98dca16f25713d0,124856,618872,15857,12628784
2,1666560295,020eec67f247ef33354c6f5788642c9358f4331e,126096,618872,15857,12628784
2,1666566626,1ec8109cd0b6bfd3736e40d4c11564abb4dc4692,126412,618872,15857,12628784
2,1666573623,76da8c28a9339e3d4e0cf857948025b2082d9eb5,126808,618872,15857,12628784
2,1666655678,3cfe3a3d10c7232f0bd4e9133cc8fb9f1787f659,127936,618872,15857,12628784
2,1666743000,2dde29db438b63567033c05735d55cbdd42edc29,128336,618872,15857,12628784
2,1666743741,5f53bd0e2271106b8233e53bba6fb44057b018ad,128448,618872,15857,12628784
2,1666828842,17e72ef5417b77d67e4c9e56cb5d6f9dd3813df9,129652,618872,15857,12628784
2,1666996874,a263056e422ea237628e93b843c633eeb6f2d96b,129912,618872,15857,12628784
2,1667147224,92d34f582e3663b28f8d2f4c36cf8662cf4444cb,130648,618872,15857,12628784
2,1667184239,9221ad98f61990e18c8ec1188d6c7915ad89e642,130844,618872,15857,12628784
2,1667261183,a68ec26236f4d2bd74747d3416453b4b2c85937c,133088,618872,15857,12628784
2,1667431633,d705bb3f39770777c2d4a488f41b8d63785e0d0e,133272,618872,15857,12628784
2,1667559061,8bb971c25b4fafeb8c168aa5b324d0ba0909a581,134792,618872,15857,12628784
2,1667590076,cadbbfb2c60bcd92f291a3cfe2fc53f2d1b22c6f,136456,618872,15857,12628784
2,1667600718,dab832d08cf24c72e0cf094ee27287aff506512c,136456,618872,15857,12628784
2,1667608947,7556daaf665081f0b499f3b1156bb5a5156da9f9,136892,618872,15857,12628784
2,1667739730,739b86585edcb73095148d03708d5d4f37eb5aef,138140,618872,15857,12628784
2,1667743661,e9fe9d7ed21d4a793e10f5c7cd4516cb76ee2847,138140,618872,15857,12628784
2,1667755705,d93d29139c1db57b7817a5a826364603d47bbb2e,138140,618872,35777,12628784
2,1667760609,e5faa44d62f2e3ac0f01006dfa30b421dc9a41a7,138140,618872,35777,12628784
2,1667765668,89a7638cea28793a7cab1fd3fb34d6777badd636,138140,618872,36473,12628784
2,1667772600,dcc5e738fe8fb73a3870ac4840f0d09541ac5107,138140,618872,37453,12628784
2,1667778874,20ef548b7aa9febc43be002055677c9c9c40e6ee,138140,618872,38035,12628782
2,1667785496,9d5e8eb90fa5328f68c99d9612d246ccf6b8082e,138140,618872,38287,12628782
2,1667846400,df97d3dfb8db4eab34fdc3313b47bf1413a1ec95,138140,618872,38287,12628782
2,1667850022,a49a957f9c8eec71edc5998aeef02279b4a3ff14,138140,618872,38287,12628782
2,1667958301,c83359a0431ad46f2037d22ae21c4c25fccaf6f4,138140,618872,38287,12628782
2,1668031270,413b5c1460829cea3845c7be2fe4843db95d4e04,138140,618872,38287,12628782
2,1668041569,75265b8e505c14d228b9a231e4c9f642ecf1aeb1,138140,618872,38287,12628782
2,1668100286,7396f757f170bb1db99ab286ed9f7f841f829e88,138140,618872,38287,12628782
2,1668178255,d42a276234605c27773675416f0f2cc629a1a4af,138140,618872,38287,12628782
2,1668195949,624b75490d776c10afcdc11cf7cd8ba22fbb3d60,138140,618872,38287,12628782
2,1668198464,405dadd92865cfe16ba1d4fec1cf090e59a09260,138140,618872,38287,12628782
2,1668223237,9a3c3724787df922752b82a8422d374bc4188c5f,138944,618872,38287,12628782
2,1668257163,8d2f3d834f27b055e0cd16b0479d2fbd283f3bf1,138944,618872,38287,12628782
2,1668290352,5537a6914e6ce2630e22b26ffc3772e4fa7745c6,139940,618872,38287,12628782
2,1668302242,a774975b3ed772a86be838fe8f7e169d45260149,142356,618872,38287,12628782
2,1668382077,59353360df531b86f14de15a499fe9d930032719,143956,618872,38287,12628782
2,1668383997,e44949878a47aca7efbffe2a274b15d623fa4e90,144488,618872,38287,12628782
2,1668423398,3ab1fdcc0006cd9ff7607743515810b5cf2b27f5,144488,618872,38287,12628782
2,1668465149,9a92988e1190c8c6c9f6f5aaf52cd8f39a97b749,144488,618872,38287,12628782
2,1668559595,d483cda3f2736b366607a93fa99f61833d7f1aa5,144488,618872,38287,12628782
2,1668561598,5ac1ab50da533fefdbcb89554713f5acbe52c17f,146240,618872,38287,12628782
2,1668562893,44dfa3e39bf811541041eb17ad478414939458f7,146752,618872,38287,12628782
2,1668725914,c808673f80b1341bdf6feac3e4d947eb1a22e9de,147160,618872,38343,12628782
2,1668727337,1bd334240ada7dabde7b487aca33e7b0b804fd84,147424,618872,38343,12628782
2,1668733806,4913801d2a18323e934e6a6f143a12455320cb72,147756,618872,38343,12628782
2,1668958281,481f508708020d2a5640fe74f60504386a32f8ee,149812,618872,38343,12628782
2,1668992277,d0942ad6132be689ed9664943868d33f0016be39,150708,618872,38343,12628782
2,1669078066,2d7f7b5afc45ab6167f5ed9f3b348dc95a76289e,150968,618872,38343,12628782
2,1669227755,08e4fa51c34f1bb8099dc8a523a6494b8bcc4a98,152392,618872,38603,12628782
2,1669252853,fe951979c29353aaf6e04837e84182781686649c,153316,618872,38603,12628782
2,1669424070,c830b37b63134bfafd0e36c7798d2d28fb5a30bb,154248,618872,38603,12628782
2,1669428607,8ecfe9cf715c75292c4273deada00649b69284d9,155168,618872,38603,12628782
2,1669429297,47b25f9f5b3768c914a2b6447bddf81f0c451595,155916,618872,38699,12628782
2,1669479803,5649d484be154cdf4c029731a92cb7679952ba53,158176,618872,38699,12628782
2,1669589850,a42681a0c7b7911aab2469afbc47c154a7326078,159964,618872,38699,12628782
2,1669593255,dd516de625450b9b0c7c13fb60ebc50097de84e4,160524,618872,38699,12628782
2,1669714091,ac6ef90022922b2b8747aea8fe656e9a42f81753,161512,618872,38771,12628782
2,1669769750,3f19c5c341b79e40fd19af0ccf6b750c3ca53c05,162252,618872,38771,12628782
2,1669853411,ad67249f5013d27ed1446fe34262873e40936eba,162868,618872,38771,12628782
2,1669931663,5407466a0a380ed98038079fdcf5c27e51b74b31,164772,618872,38775,12628782
2,1669999982,7dfa67218a2e621bfac3d074a3b217b4e7cd2cad,167284,618872,38775,12628782
2,1670071997,35c0feb68dbda33e069962f0b7c4be0bb38a18e7,167548,618872,38775,12628782
2,1670112803,23af8e9623f96653c4a885ad6ca871171381033a,168988,618872,38775,12628782
2,1670184003,2c0c26d1a238cea509c62c70add48c0487ef2f01,170760,618872,38775,12628782
2,1670196317,816fe1f30370bb9ef8222e27bea4b601d2386bb2,170760,618872,38775,12628782
2,1670203284,a1b37360537599b47133fa9e0a5662db3635536e,171796,618872,38775,12628782
2,1670203542,0694c6055b5e26438df3589395a63ef0a447f348,171796,618872,38775,12628782
2,1670284465,c5d3619bb226f8aef8000c46a2720683c60192be,172132,618872,38851,12628782
2,1670285424,a14806c0db39fe51ff6c4eabf54ffd77c41851f3,172132,618872,38851,12621170
2,1670445135,0cc245b40bf39001208a5e61c0506b37bc5ce9e1,172132,618872,38849,12621168
2,1670527123,5c4a884d1ff959dff6d2471b623e202e4a5aa5b0,172780,618872,38849,12621168
2,1670538661,1acd362afeb5f749f65c6902b207dde3bd4516ae,172780,618872,38849,12621168
2,1670539201,72a07bf8662a3477f86570606dc000cb516b4bc3,172780,618872,38849,12621168
2,1670540783,c9c59d6aac8df3613d5706cb2258f88f95995f6b,172780,618872,38849,12621168
2,1670541738,2def78678497d072ca378b3bc8728d0eb020bc3d,172780,618872,38849,12621168
2,1670589992,ea12c02d28544fef80718a86d8e58869f24a0242,172780,618872,38849,12621168
2,1670699575,2f45dffa639f8e71cd291ba4a30ad4df3b9edf31,172780,618872,41823,12621166
2,1670717150,df5afdbea70ad4e57d8625d8a3a74e4381c99160,173060,618872,41871,12528850
2,1670786320,c389a1ba45dc0320bd2cfddbe3788c526fb52712,173060,618872,41871,12528850
2,1670809498,116110b6e9c3544a3fae9dc3404ca102ed85a1db,173060,618872,41871,12528850
2,1671212605,eba3561db4b55aaa59c9c8eabb3794771506244f,173348,618872,41871,12528850
2,1671362424,6e08736d7960ece8a68f247e2e87d6cd41aec753,174044,618872,41871,12528850
2,1671380474,925a43b53f6071ae5a70bd9291a5a045b8f98c34,174412,618872,41887,12528850
2,1671394753,2dcb1ef5a12f730bd6d467aef83776e14e31761b,174696,618872,41887,12528850
2,1671452262,238d730c49a0003f5c7ebffc6f0632ae2bdac5b7,174696,618872,41887,12528850
2,1671459686,1ad31f08684384087fdf9e8a300f73efb94fb5a7,174696,618872,41887,12528850
2,1671492698,4c059472450f305a984f85e88cb14bce8d339736,174696,618872,41887,12528850
2,1671494338,046fbb3e77972a31562152b3a97d4604bf2a4c41,174696,618872,41887,12528850
2,1671555458,ff14b8111a563a95ea4a147878cfcfe6e106f76d,174696,618872,41887,12528850
2,1671713358,7abe90f398393220b1ab65ed968fe30fcf359012,174696,618872,41887,12528850
2,1671821882,a9ee38a18898acd4c4539af341b37f7c4bb447be,174696,618872,41887,12528850
2,1671822779,ec10aa62cca33de3179d8836901bae9bd9fe344d,174696,618872,41887,12528850
2,1671938310,dda233994da28e443181fe955567a4d190e90f49,175532,618872,41887,12528850
2,1672101287,b0ec856e76de0c2d2a09ac9c44c6e7f6d67573d6,175532,618872,41887,12528850
2,1672106182,104b9f374a9cbe48cdccaa88bab9b7cc5264d6fa,175532,618872,41887,12528850
2,1672703028,9f5e14945cfca822ad299be080e22cfe1c67ff47,175532,618872,41887,12528850
2,1672708498,60d9a79041b7ae17858dfcd0331d2bf421c2d037,175532,618872,41887,12528850
2,1672709458,4ca49738bdcc60d949a63d932628cf9ffe02e260,175532,618872,41887,12528850
2,1672879695,5504ca47e9576e413bc71927be95a1a838dff86d,176656,618872,41887,12528850
2,1672936172,7f9d6d733cc6f6a904145bb4b00416580715bb6b,176656,618872,41887,12528850
2,1672966614,4be8b02676888cf10acd4f6c61b87665322ba0b6,176656,618872,41887,12528850
2,1673088262,9d2b0ff27c557b04cdd448178e4f6bcefaa17e45,177992,618872,41895,12528858
2,1673088394,d37d268563b8ba40e719bfde634c9f0f870d3458,177992,618872,41895,12528858
2,1673126607,f4848966817825030f9d92db826d7d98c3603ee7,178764,618872,41895,12528858
2,1673134095,706737000cb5dedae9f59d9ab8db49628ba4ef28,179440,618872,41895,12528858
2,1673174323,da27dd38e7f8de1458512501020d600d0bee606c,179676,618872,41895,12528858
2,1673197072,737b16dc0ac72315c65f1d19e558db9959ff7221,183648,618872,41895,12528858
2,1673236780,354da920649a8f5f37dc126e440d8496e449a97c,189332,618872,41895,12528858
2,1673302091,c91e5771bea3cc64be49059e345ca6185a964cce,189500,618872,41895,12528858
2,1673310556,8fd33b35ce3891c82f14361a7d92eb7c4794ca98,190860,618872,41895,12528858
2,1673752193,797a3c70e26935504041a86f8ce63d03c358b9be,190964,618872,42995,12528858
2,1673801161,1c37da8e49d7a62ccb7ac15f326eec9c6ea27289,192472,618872,42995,12528858
2,1674043178,a61303c48d7eee65389aa8f4a32cf05ba2beb3c4,192472,618872,42995,12528858
2,1674080977,b608f4a2871fd76caa408b7d7bef33ac265a7c3c,193212,618872,42995,12528858
2,1674131831,5c5c216851dabd832be0897f939e6af8a8ca2012,193976,618872,42995,12528858
2,1674131939,ac64b56f6f93a7946959a256c5cb442f0e5727a8,193976,618872,42995,12528858
2,1674228894,0d25bff10c1fdce9e3d939c1c43a60004dc768e9,194676,618872,43087,12528858
2,1674260766,8f4bc63ed4e2bc7e7a9c164ac1adee407a40f578,195056,618872,43087,12528858
2,1674266187,b93b5f12defdb24d8feec0ca3f0d2ef48735fd7b,195472,618872,43087,12528858
2,1674309563,5fa9e58349e7a1acde492c8d355179fe6857f8c9,195904,618872,43087,12528858
2,1674338919,a8eafc7c60110575a00b691d4a11d78a9cfe3faa,196684,618872,43087,12528858
2,1674343953,94fe1ee36a9fe1af4ee33f88c06dece5deaaa49d,196884,618872,43087,12528858
2,1674344860,85245fdc38e15a6bc6499aea788a7d7b820a43de,197088,618872,43087,12528858
2,1674384345,f66eedf3569acc4e649609acc986ed0a59644891,201416,618872,43087,12528858
2,1674420846,f7cbf1ed007f0800411cf3add23776f3b53150fb,202800,618872,43119,12528818
2,1674427967,d6757fd05ec854953ebae4540c8cdc2b73528992,202908,618872,43119,12528818
2,1674432016,46f3d0a33c0c42d8062f0ea73de3394053f31584,203720,618872,43119,12528818
2,1674509320,df11bd295331945cce85a32536d89005fb93f5c8,204448,618872,43119,12528818
2,1674509704,b713b4a2ede7691f2e0d3092aed0cdd630460006,205108,618872,43119,12528818
2,1674512431,962191a87c0db6f2d9f3c6eb20a641729d147a94,205108,618872,43119,12528818
2,1674512675,68933aa93c889343a684832fcfb7b0c312bf6fdc,205108,618872,43119,12528818
2,1674691772,c06e38c5ade40ebb0c2b30bc348afd617810aace,205108,618872,43119,12528818
2,1674900817,e32d5d8ae593cde0357e035f8187de580f1feb70,206780,618872,43599,12528818
2,1674948397,a880e5cc5983d8ea74fae1819d04bc406c3967e5,207664,618872,43599,12528818
2,1674949492,2eef5297ed3fac1f429e832c07c54a5654f37055,207664,618872,43599,12528818
2,1675025645,05bd2a4e228cc03f3e5a626e9c32efe7704ff830,208244,618872,43599,12528818
2,1675421037,4689783ecf357b4a0a6b2aac5156ba39925af32d,211756,618872,43599,12528818
2,1675462989,8c7f3aa062b5acb80af14e7b97270e050c67c611,212424,618872,43599,12528818
2,1675531510,1647dbb11431c83e67d7472c4f71ff9450c65d54,212424,618872,43599,12528818
2,1675531988,d0b3d6d34ac0514d134bbc9739c41327d7dd6236,213888,618872,43599,12528818
2,1675554817,8f665a7c2d977096f496b953dd0e2fe656c2a703,213888,618872,43599,12528818
2,1675555555,9580d1a9ba1a0117586d17df7ea298f778da61fe,213888,618872,43599,12528818
2,1675556728,e4ca89015a3fd050a31d76e81e61406fca0f79cc,213888,618872,43599,12528818
2,1675639605,7aa7f7d0d7c6181575af20fde1c4c189e8dbec4d,214488,618872,43599,12528818
2,1675677463,77b53ff25aa76084026a43e3e12c3ee9c2cd5dfb,216032,618872,43639,12528818
2,1675896759,4f00fd7df6b4fbede024cc1cd0bfe7107fc46f05,217540,618872,43655,12528818
2,1675903186,1ff472b0e85345f89108cb0690320cff3fcaa898,219012,618872,43679,12528818
2,1675906086,2e0e9be0eb20c181c45e276603de48a7e1e86860,219760,618872,43679,12528818
2,1676233158,9148bd0db73c62f00256d36134cb64530d02cc1e,220980,618872,43751,12528818
2,1676246160,523443b10b3e9902a3f7b658fad11aa9e680edbe,221356,618872,43751,12528818
2,1676248136,a670cf8e75c13c2ed87a647c27209c45a506c731,221356,618872,43751,12528818
2,1676291462,f3357891244298b23398ecfb128b3462000ec6a9,222840,618872,43831,12528818
2,1676293671,e25b885c4f6aeab26e461e34af63328be90b567c,222840,618872,43831,12528818
2,1676335138,8066b3a268490912445b9c01f5aa46c79e0c7bf9,223256,618872,43831,12528818
2,1676372035,d47c8a534e138e4923eca85fc2af82b8565462ec,223600,618872,43831,12528818
2,1676378798,6b43330ad9d631b853d5a6ca6bfcdef69c8a4085,227336,618872,43915,12528770
2,1676388127,f70cbaf1edb6acebe617991c3a1c28379051e579,227400,618872,43955,12528810
2,1676396133,916cf90255707f18a1714fb33708d0b9a5b69f61,227400,618872,43955,12528810
2,1676421324,20f3050649d1e02462b0734779e3b3bdf7b7f118,228316,618872,43955,12528810
2,1676507666,6f1aa00c11859baa3a0e0eb382abdde4e3d2f88e,229580,618872,43955,12528810
2,1676577686,daa3fecada69133f92be9c3965630b6662d32df9,229580,618872,44003,12528810
2,1676594734,f0ca856f3a8acae09a129cfdf0a9c9be76868149,229580,618872,44003,12528810
2,1676636570,3c9893e8b35976ec3a702c35585067e12130525d,229580,618872,47379,12532186
2,1676682204,e409e59cbd195e575f115076550b8205e82df1a3,230480,618872,47379,12532186
2,1676688566,66673d555c5bb546fa71632da49f73b9317daa81,230928,618872,47379,12532186
2,1676809347,b5babc4e23122ccc9908bcc8fb6f4ba0f042d5d6,232312,618872,47379,12532186
2,1676809692,0b1546aafb28adba25836f61581bf98ff166f2e5,232720,618872,47379,12532186
2,1676846927,15a42d9b2bdd7f7e734d7ddb000e04bb8cf17f59,233472,618872,47379,12532186
2,1676852347,bc99aedb9b9a505ba68d1b696e5368818c37fdb1,233964,618872,47379,12532186
2,1676921832,ff3e09507e790b99d279967d74ffda03e42c189c,234332,618872,47379,12532186
2,1676935220,5744507802c30c75b8369068072e510b233e654f,235208,618872,47379,12532186
2,1677024458,ab6576906e5181ef43187f5b6d72f1c38b21b007,235208,618872,47379,12532186
2,1677164448,bfe74c4dfc61ff4d0c32a16f4a7d31f9311e9132,235612,618872,47379,12532186
2,1677196667,a14c0315ddcf5732a90afac767f0a94285c2c96c,237020,618872,47379,12532186
2,1677241670,d3a134c730844ec328417b8d9b447634eb55ec21,237020,618872,47379,12532186
2,1677326066,238596cdf0fe7c37b6eb7d9469b1245e46d57a4e,238032,618872,47379,12532186
2,1677340403,14e2794d40b41ea3d0fbd07cc00ed22b24b7b4fd,238436,618872,47503,12532186
2,1677341047,fb026320fd2b7964538670aeb5a7b4d375a1ee25,244352,618872,47519,12532186
2,1677348032,7e00e7e5f90aade834a4caa23f34e000430c0c06,244352,618872,47519,12532186
2,1677349233,3106c0366c7c8cbe223019154adbaefc70b21ede,244660,618872,47519,12532186
2,1677371842,3215bbbcbeea19708f32d40d47a26c36f20b43d9,244660,618872,47519,12532186
2,1677409911,b012a7faa4aa535e08ba8442f5b2fdd61ba88128,245668,618872,47519,12532186
2,1677447502,abe2ee4d17d06f55f96e5794236e15cc1a28abca,246836,618872,47519,12532186
2,1677506166,e4b8c6accd9b46aedfad2bf913246fcbf84adb51,246836,618872,47519,12532234
2,1677507880,24b8a8ac4ddd60643b8899f4bf9a563310e065f7,246836,618872,47519,12532234
2,1677542445,6232e37657ea25c1f70acd0235ea28aa37b7e40a,247440,618872,47519,12532234
2,1677627182,5e0b7edb0d45996581c0c8adce03f006480b07eb,247992,618872,47631,12532234
2,1677888285,a752e3d82e737fee935a2710506f5e7d7ef54081,249716,618872,47631,12532234
2,1677894983,5d8b4ba2a350f655bf8a2c630d66afc3cb14c8b8,249716,618872,47631,12532234
2,1677927610,13de77cc290bd61fd65044f185080d4b4b49497e,249716,618872,47631,12532234
2,1677957088,8fb5ae0471c49eb3276cbbc85452bcb85cd77513,249716,618872,47631,12532234
2,1678042031,2c67d39dafbb18dda22fa9f2f4b0354be7221aa0,249716,618872,47631,12532234
2,1678042328,333bef30779dd87294d7018f08e4341b66228c74,250492,618872,47631,12532234
2,1678059433,0023a6b86e20b502c0fe9ca433440cbdfd66edb3,251508,618872,47631,12532234
2,1678140252,4a19044f336c210c19a95098326b609985c7f576,251508,618872,47631,12532234
2,1678147472,69b283a8e577d1c1226d973c591b11cc424c2ed4,252568,618872,47631,12532234
2,1678231949,67405e798426c9ce7c9a3c17b5eb47a687ddb129,252820,618872,47631,12532234
2,1678237866,3724e48d48fe06d7e04edbd75bffe600f41d4179,253400,618872,47631,12532234
2,1678279472,7c27d0f0976d850b5de5fee96e43d30a99929957,253400,618872,47631,12532234
2,1678532578,a97dc7613edbb349006ba1dd1216d4a8d1a0087c,253732,618872,47631,12532234
2,1678532712,46430a7c73a0bdbb0b77b7874344819bd6d73bf0,253732,618872,47631,12532234
2,1678546931,c69c9cae00002026aa7fde810ab26497433f993f,254528,618872,47631,12532234
2,1678652872,30d8f7f26c4b4717d7710e63d2370b78e5d83eea,258024,618872,47631,12532234
2,1678706446,1c12a6e4a3e2861e0436cc7f3d5b188f518e8c67,258636,618872,47631,12532234
2,1678727262,bb0b05d6c59b813b4db92c9a090c30cd3e3330db,258636,618872,47631,12532234
2,1678906713,f1e736d55818019b42825016215a41e2518a5521,260416,618872,47631,12532234
2,1679013180,d44282701e627ba3051c32b775be91785d524539,261336,618872,47631,12532234
2,1679318992,346fcb0e8b21aa2f9b1446a771bc09a2eb811891,263748,618872,47649,12532252
2,1679706487,a6a717f8e81268ac6972bd0f1971107d5066a45c,265028,618872,47813,12532416
2,1679791176,96c0fb33d59a7dc5b03d6755eb98ab02dc79b19c,265288,618872,47813,12532416
2,1679873535,ac0e5c6f7082ff6f1413ddc456147d72d0de5508,265884,618872,47813,12532416
2,1679955617,8348f33ca2e55faf59ece9cd79f13f0991ef6d7b,266680,618872,47813,12532416
2,1680039227,d29a1631009191ffd39f7d0bcfdb76e3ecfa2dcc,266912,618872,47813,12532416
2,1680045629,51ad573b07a207c488c33a2f172f8648c293c433,267244,618872,47813,12532416
2,1680132170,2dbe3f8101674c11ab05592f5d7cd8aa1adb960a,268756,618872,47813,12532416
2,1680330825,4f614ec4b5ead891901270b45cc01d9688914869,268756,618872,47813,12532416
2,1680357217,33baae79e3d8aa18ba008daff42b14b8e77d309c,271560,618872,47813,12532416
2,1680469513,9d85c586b105ab8fd75edb638fa59a0675a54109,273068,618872,47813,12532416
2,1680636656,0c08ca64deaf7e2f2cc906e443a24354a5429173,273808,618872,47813,12532416
2,1681164782,94515aba2cdf28e8f4e771a31b77902618387255,274384,618872,47813,12532416
2,1681300788,38423b6bba9791da08ea3c439f7877522e426e2c,287672,618872,47991,12532594
2,1681339957,9ec1145547413c497724560e2bbaed2da383c901,287932,618872,47991,12532594
2,1681563708,1d28eaf2f5d4c3d3f47c656918fafa47866c6c81,288936,618872,47991,12532594
2,1681564965,24bb101c9a265961fba7a890b30029567db5fee4,288936,618872,47991,12532594
2,1681565465,e2af8e7d1e7483495591139fbb91f81cfdd54a08,288936,618872,47991,12532594
2,1682064109,b7d5d0a0d8d12b6fb8a847b7836ec8bf90833f15,297376,618872,48019,12532622
2,1682099212,018211a7988e1dd9b03bf35e9f924ee4055d198e,298180,618872,48019,12532622
2,1682161864,9f7501805f33d91014badd6f7db161ab5d959b76,298568,618872,48019,12532622
2,1682175374,ad5360f97e9130a49d8d790fbb76f1e47086a706,299988,618872,48019,12532622
2,1682353171,2b4f75aabf7e9ce40afd5edd9c81256bb1d9e894,299988,618872,48019,12531550
2,1682359479,74bf0e74ea427a47b405bbd772d653bc0ade4e30,300400,618872,48019,12531550
2,1682360331,cdf9501b14c9e295d0bfd4b1be4557619fc7b061,300400,618872,48019,12531550
2,1682377053,6bc5ef9960ecbe10f4115001b3e7029a55fdcaec,300400,618872,48019,12531550
2,1682377778,1dbeac3955d014cb54054e818ff508fafdb635ff,300400,618872,48019,12531550
2,1682381010,5dc15ad2e724a1968ad3f32b54cdee47ff0f2fe4,300840,618872,48019,12531550
2,1682556319,6f00927c9abf0ddf8783859dea7765505f803fad,301964,618872,48019,12531550
2,1682586736,41e28b34a9f5401f6ffcc10525c2edeb2b94e1d0,301964,618872,48019,12531550
2,1682588441,fad2aff6676a288638ba05fbffb764347416804f,301964,618872,48019,12531030
2,1682684783,b0a043f26933beb71f03d9b518698ece48a47df8,302464,618872,48019,12531030
2,1682732272,c21d241b64c0cc20d1085706dcb052641a0901fc,303772,618872,48019,12531030
2,1682771655,cb20aee3fa54cf097d112a6de6ad94e38c223443,303772,618872,48019,12531030
2,1682771864,04278752a5e1c5c337806fe39e0fecc4244875cc,303772,618872,48019,12531030
2,1682773729,c659d318f9791edfa86b9271d134097f3ac6aed3,303772,618872,48155,12531166
2,1682853242,8609309293ac82a3165a98402297d6a3a6f99e60,303772,618872,48675,12531686
2,1682854810,c0877fc81a4d3d0308c1e26f109c5c134c6a40e9,303772,618872,48675,12531686
2,1682855450,8a5a905b80f29162fc704e85544ed0a6ef87386d,303772,618872,48675,12531686
2,1682860668,171abb4085c4a9c2aff7ce94a505a3777a9cec34,304528,618872,48675,12531686
2,1682861662,e5439ba830020896100a5da517c3ecbb798b997c,304712,618872,48675,12531686
2,1682948579,c46d742faf14bf9ec0ebd9e933a028989b98b817,305504,618872,48675,12531686
2,1682955653,16de9f2dd6a88f8d26484e758e027ddb25d43420,305976,618872,48675,12531686
2,1682958402,6f77c4c4cb34ea69d1fbd9d03496717515b2dff6,305976,618872,48675,12531686
2,1682962377,dec0f71035a9e206877bbf5ad9da38826cb59755,306364,618872,48675,12531686
2,1682983211,ec3cd47f9ad30a99e93b9e7c951c62c3ce36daf0,307208,618872,48675,12531686
2,1683065082,f2805b1d7ac784e2eda1d352abfdb8ed4eac68f7,307756,618872,48675,12531686
2,1683069395,71a916a0cbb4d250134dc061398a1641816cae30,307756,618872,48675,12531686
2,1683072109,473ce4845fbb19611d42040ac5542c516dcf23c7,307756,618872,48675,12531686
2,1683072450,e339501d035b399f0aeb21b9a30056cf2685448d,307756,618872,48675,12531686
2,1683072705,5e6e0c9c8261b297415732a2d05d46ab38884773,307756,618872,48675,12531686
2,1683220057,6c37a49333a389010d0c64d2fd3317790db615fe,310632,618872,48725,12531736
2,1683292950,b2babdaa8de272f047ae7a4f470eed99e02ac642,310632,618872,48725,12531696
2,1683301889,7af8674aa30ac11ba79bb81dc3885343315f48db,310632,618872,48725,12531696
2,1683304381,42cd5db117915d5b5e59f3b2b679c33dcff5253e,310632,618872,48725,12531696
2,1683372091,a17c9cc485157a1914b5037e7aafe3f7bd730b2d,311116,618872,48725,12531696
2,1683379449,f3680c730d576778123ef0741645a4812cf20a8e,311628,618872,48725,12531696
2,1683552639,3aeb030d303e4f19bef7a6a812560102bce43e31,313208,618872,48761,12531732
2,1683562621,d9839394041de8c9d71b468979bc6126269c4d13,313208,618872,48761,12531732
2,1683571001,e00127a6b2bdc9a636b4759579db7a8bd9273a79,313208,618872,48761,12531732
2,1683573002,ccffc7b5ccc2c2c890f1b8e5b5d7713fbae4cf5e,314956,618872,48761,12531732
2,1683573214,33f83411269250aefc204d38baba52df9dd28d8a,314956,618872,48761,12531732
2,1683593384,27953875fc5a3b9f5047790ee3ec477bc5effb21,314956,618872,48761,12531732
2,1683718779,e94562a6c67388cdb2bc4ea5f36050c41a605070,315800,618872,48761,12531732
2,1683719530,6f1d45741feb8ec67e94f3ba059480394af078d0,315800,618872,48761,12531732
2,1683801988,cfd8636eaff4a16bbc43d7df80e405ed8e0012e1,317936,618872,48761,12531732
2,1683835842,04a12bd4a582cf69376c9cbaacfc069274ca42d0,318192,618872,48761,12531732
2,1683848756,48bf2432bf6d38ffde7b33b7e856df814e389153,318192,618872,48761,12531732
2,1683900759,4c2d2e665d72be9145f45f4d986d9115e3a91f1d,318192,618872,48761,12531732
2,1683930803,1a25d59c829bff9687276ae1dbd525893e3ea68a,318192,618872,48761,12531732
2,1683937336,f30b7356cefe47be5e5597481d773ff18a19cebf,318192,618872,48761,12531732
2,1683979109,c0fb4214ca622516a14671d92094a35365782bd0,318192,618872,48761,12531732
2,1683995925,bc4de8d98cbee3962708eaf34b2e6c71ff8d8242,318192,618872,48761,12531732
2,1683999234,03a12098fc6321e932e2f3aef5d5348423295ad0,318192,618872,48761,12531732
2,1684010712,07e01bb85476a1a2a678ed6c5425a82d0ff94436,318192,618872,48761,12531732
2,1684034883,7228525b43eb79f43f8402cd41e887b697d08624,318192,618872,48761,12531732
2,1684176320,b9747b28f8f55a29ec002dbdf1e507da99278248,319028,618872,48761,12531732
2,1684619430,8439a358f541665eeced19b7f8300eff82cb9a7c,323808,618872,48815,12531786
2,1684661099,eb874bd8160178213cc7beca690f2045f91c46a0,324128,618872,48815,12531786
2,1684689250,360b9c2f1bcb8cf844922e4f82acedb725cd68e1,327656,618872,48815,12531786
2,1684823118,88ee2b2928d962ed153a53b4029ac70a1f6ac965,327928,618872,48833,12531804
2,1684841979,251a79603ab074880af98a48c8af385cf570b2a7,327928,618872,48833,12531804
2,1684975411,fd3470a72b20e12b94a2580db53f3bb03aae34d9,328176,618872,296461,12624156
2,1685037033,505e60192af6a0a5097e35fdd333193cbf4a42c3,329928,618872,296461,12624156
2,1685115832,392263f2e77c2ff216d3409dddda1fdbc47decd1,329928,618872,297157,12624852
2,1685189785,45d72635a56d57b88a793779e7fefd0bf4199acb,329928,618872,297929,12624852
2,1685202985,9f658782bcd04db158b480d636ff3858095b270e,329928,618872,298285,12625208
2,1685300227,01ce5a01b5d1d5eca7689ad8b88daf5801928278,330416,618872,298285,12625208
2,1685315075,7527fe69643b6a1bac6185f421ff0cffbdf5ec16,330416,618872,298285,12625208
2,1685389596,181d31ea251a22753832a19e98bfabd732b48441,331028,618872,298285,12625208
2,1685402128,5dcc794ae272d8c7eacbac700caaee1ba0842d96,331812,618872,298285,12625208
2,1685402678,30f2d50622c70fa14634b840e7a76d2477422f61,331900,618872,298285,12625208
2,1685634202,2e1a1f89d3e3bfc528a97c34b3deedc36587338d,334836,618872,298544,12625131
2,1686092568,69b1ed460ed67049ed233c124790a7a8e32ce258,335384,618872,298544,12625131
2,1686136899,aa073e5a77a9196fd48421a952688db4d75e21d9,340764,618872,298732,12625319
2,1686267340,6b2d6e60aa2e1d7f448d8268cc011004520c6b3d,341544,618872,298732,12625319
2,1686575242,40ef91305c04191cdaa7b2197c75f0142303207e,345260,618872,298738,12625325
2,1686578610,f81362ac1a5bfe14115b6b3148f2f638942b97bc,345260,618872,298738,12625325
2,1686695651,78084e3feae98b5f5dc2d4adb7630b71fc9ca842,346156,618872,298738,12625325
2,1686699154,e3d743ed858dbc772778882335bc03b2da2108bb,346588,618872,298738,12625325
2,1686986663,8833c1f6f358188ef14af9cb9e5ea4219a28752c,346588,618872,298738,12625325
2,1687018621,c6949e7f2b628629c1e8bcfb5c523c3e836d778c,348824,618872,298738,12625325
2,1687033428,b33374bdd4ac194d7e981aef9dcf9bb0e57c313b,349640,618872,298738,12625325
2,1687042724,662dcac84975e44243e4221746f2d10619db25cc,350404,618872,298738,12625325
2,1687088732,a93d38b9026affbfcc722b49fdf6059aeba1f295,350664,618872,298738,12625325
2,1687190029,442e08065efe5426cfa70586f819272b369ac091,352396,618872,298738,12625325
2,1687431421,4f86f5872b5fbedf0ce0a3c789d6a94f3bdf0c6f,352396,618872,511042,12625325
2,1688376290,9af5809c126e6ddc8e8aa06b99014f0003ec0b94,352640,618872,511042,12625325
2,1688383594,ff91f4bb57143c372c0609ab9f9a8f68e04f2e50,352640,618872,511042,12625325
2,1688633323,69d75017f417be81f602020db7bbe311f35889f3,352640,618872,511042,12625325
2,1688857631,4028c85484a40ca9693f1f2f88cc76acc9f646b0,352640,618872,4651010,12625325
2,1688896455,c4fc88f2d2f65ee26b46803102f79f5d932e19ae,352640,618872,4665038,12625325
2,1689075111,0a2a5caa5278a331d332cb9824c81c9fc1ab453c,356256,618872,4665038,12625325
2,1689723828,b0414a79fe8767ae9a6508142574d2c65ae40be3,356256,618872,4665038,12625325
2,1689786746,6c2948d2418179c1a9615bbdb5fdc8ca66febd0a,363044,618872,4665038,12625325
2,1690750668,c53be9b546d572ad664b4971da25e98863e47fc9,364136,618872,4665038,12625325
2,1691149711,84efc49c13d9dbc7c09351cc8b6f63c774d20b81,364784,618872,4665038,12625325
2,1691184476,7fc087b2fd56e43ff4cfe0286698764e9e634104,366568,618872,4665106,12625325
2,1691193322,d2e9ecd5e2669b3fb272a31f337112c34b544a46,367076,618872,4665106,12625325
2,1691292138,13deb7ae8a4eb4b0aeb20334bb20df78ed136054,367816,618872,4665106,12625325
2,1691293276,5dbb62ceb81c3380ba34da975b5016cd73b39a0e,367816,618872,4665106,12625325
2,1691451743,b4066fce08b6b430e9ccbbcce0f82a05352657fc,369768,618872,4665138,12625357
2,1691451877,8ea670a1bff307f182133f76bd4e72b7e49b2ffa,370172,618872,4665138,12625357
2,1691621499,a28108d5f91e8599d69afd9bc8a2c5bcb9404ca5,371464,618872,4665138,12625357
2,1691623636,b3fc13d1a0ac4b01bd7d0c3aaae2f09868ea5510,371464,618872,4665138,12625357
2,1691951543,3923dfad05bec532f6987eb23568c4e4a6ed0106,373436,618872,4665138,12625357
2,1691958005,3c4e0272fc600a508d4ed09d28f58583b6a2f02e,373732,618872,4665138,12625357
2,1691968042,3160be390022850d6045ada83aa2dca4249ccd73,373732,618872,4665138,12625357
2,1692144115,7013a02006bcfafb2b9d0bbe7168f9747731aaeb,376200,618872,4665138,12625357
2,1692229644,2afdccc2ae97e22a8f4869f87573bfa53d747e56,377408,618872,4665138,12625357
2,1692231883,000c04ee21f4f5ecb35a253761817e2ba4fbf6b2,377408,618872,4665138,12625357
2,1692745596,710ea20aa7535bea92695ac42b3d6792ddaf96d9,379824,618872,4665138,12625357
2,1692781647,cb4cf31eed3791354b830e29fbe49a8ecd376821,379824,618872,4665138,12625357
2,1692829131,12fdd6457abdefe48a18744410ddc3cfa58d8227,381540,618872,4665138,12625357
2,1692914139,ab0b6afffb74fdfc942cd87a69f2aac925fe30d7,381880,618872,4665366,12620113
2,1692976118,e2b2cc0170903d8637c921a14ffc16c465cbe403,382716,618872,4665366,12620113
2,1692979307,78febff702f6922aa4968777bbb7237c50d67ed4,384320,618872,4665366,12620113
2,1693007519,a7616fa2de8e411c03cad054078eb164282cbc2c,384996,618872,4665366,12620113
2,1693095838,3c1af240658e2d7180e0166c563ab321a61dd785,384996,618872,4665366,12620113
2,1693431554,a1455c42f87c71308afadefa8b74de2e84645644,387236,618872,4665366,12620113
2,1693701348,41ba372ef042cb8e9d31c8ebda0314336d53e3ee,388936,618872,4665366,12620113
2,1693734119,202305a080d17aa9e207db7f351d576662ed1a7d,389128,618872,4665366,12620113
2,1694127202,4894d4930eebb4ea09977c1f4c292b94fbc98ec8,389248,618872,4665366,12620113
2,1694164739,3ad9c9ac131434797de81ef36b7d3156fefe4107,391200,618872,4665366,12620113
2,1694557223,2ea0b656a456a96f79fb1f77d837be2f3dee305c,391524,618872,4665366,12620113
2,1694759678,6dd72912485153273d8ec349638a28e06703ed84,391524,618872,4665366,12620113
2,1695081192,10f0acff09589cd9187082533d1a6f010a3ca54e,391968,618872,4665366,12620113
2,1695247169,a70691d3a3d34ef7a47fd2334575a27b3d2a59ff,393000,618872,4665366,12620113
2,1695479381,f62f1941bc9668e00b676541a809f7c5abfe3d19,398980,618872,4665826,12620573
2,1695495354,6781aaf716c63e8397f9340923c73a028d3002b3,400200,618872,4665826,12620573
2,1695656504,e31c429134a85c4ac701eaf6074937bb8a68670b,401428,618872,4665836,12620583
2,1696372796,09ca6bdb22ea3091a980ae607d5725dc2b738180,401428,618872,4665836,12620583
2,1696897576,0eeee00efed309f300d70a567136c5edad35eff9,403000,618872,4665860,12620607
2,1696979097,d0d30036ec0eec7ad4ab339c23040302e4bea36b,404768,618872,4665868,12620615
2,1697189606,494f2b68d29dfd41d4b0494051a30bed92073df4,413048,618872,4666840,12621587
2,1697326135,07fd89a2d7fe8aab4ed6139a45f62398ccc919d3,415620,618872,4666840,12621587
2,1697363348,518f74c21657fa792b935043b28a8e8589d4f8ab,416464,618872,4666840,12621587
2,1697384001,a86203fb8fd559602f454f8e2e8368f85dc43c82,417572,618872,4666840,12621587
2,1697394776,6ffef29f19ea6694ce710b2f37eebd5feae357fc,418328,618872,4666840,12621587
2,1697397058,f765f37a15f0441441ed0764567628d7dcfec9d9,418728,618872,4666840,12621587
2,1697840343,732bec606be1363359b3dc06faadb92dc30bf319,421872,618872,4667158,12621905
2,1697881941,a9310a9f02f067fcfd46507e684d827f83928c92,421936,618872,4667158,12621905
2,1697903389,a44ca8a50da14ed0be0a8c3d98c78fbaed453205,422260,618872,4667158,12621905
2,1697909742,e09951f839bb41d3a2f66a2705aab7cdbf86c0d9,423100,618872,4667158,12621905
2,1697991448,f096e4a6a811242ad34f95a564a37edd50288253,423924,618872,4667162,12621909
2,1698002846,4d81b9c90a61da68d2eb6480878238823ff6880a,425408,618872,4667162,12621909
2,1698008093,09907a7a028a200d9d1b0b3ee2b4417b87f73829,425612,618872,4667162,12621909
2,1698105598,064a39a50b73a3437057be2cd920aeca66ec842d,426396,618872,4667162,12621909
2,1698106739,5498256a1b7081270fbe44df6bfa4bb2c28da833,428240,618872,4667162,12621909
2,1698171028,b0de7ed53040f9b977c7ad4308b03bda8fccce3c,428240,618872,4667162,12621909
2,1698661837,a4a41abb548cf57b128dee75f694ada2c821ad17,429400,618872,4667162,12621909
2,1698669635,ea1ec4f3ad7e772c20e552ce5c76a85059b86a7a,431792,618872,4667172,12621919
2,1699316244,cbadd6272203ad32462fe9f5250fc1a0320327c0,432188,618872,4667172,12621919
2,1699402908,b74f432ce45a7b9de858272cca4e91772f87b5e5,432576,618872,4667172,12621919
2,1699493884,943c72f54f89bc7aadf39556d237f27115fe3089,432732,618872,4667172,12621919
2,1700326721,eb96f09610810d7126e477cd9c2a69d312c9bb4a,434120,618872,4667172,12621919
2,1700442914,0232abcd95d365927e9fc7f5b7b07a3e7fd0f2a0,436336,618872,4667172,12621919
2,1700519127,d5c6ca98c54e196828ceec6a0dbda95a0daa9d75,436952,618872,4667172,12621919
2,1700566975,03a77b333484079b19ea55912e94228d4d6b5a96,437944,618872,4667420,12622167
2,1700705451,cd2961f58ed0fba3b9f2f6f720e2dc1f6fdbe3c0,437944,618872,4667420,12622167
2,1700708770,220bcabcc04724fcbe9884ee4ccd98fae985c15d,437944,618872,4667420,12622167
2,1700838064,02bbe555dc46d9e8f037a485abeaf2c35d122b06,437944,618872,4667420,12622167
2,1700878772,326cccc8769cd7d4b4754998e279e6da1300268a,437944,618872,4667420,12622167
2,1700961174,4827bad83b18f9bc8ec96a034568fb0cbc2bb4c1,437944,618872,4667420,12622167
2,1701009400,c51b2524b86e348c26878247a1c2fd535081edd1,437944,618872,4667420,12622167
2,1701017557,ad05d5c883cb6f759f0454882b890011235f1fe2,438328,618872,4667420,12622167
2,1701533381,896c5d0c37691348112d9db93996e63c56ed8873,439256,618872,4667420,12622167
2,1701642496,d49914a2e17fbb93488eeefd2c5f360f52e357a9,439640,618872,4667420,12622167
2,1702208962,5b55841b187990be32c7c57e542826459a745a56,439512,618872,4667420,12622167
2,1702235918,41e2a7e16b9be033071c59f952b7eeb96c08d8b2,441068,618872,4667420,12622167
2,1702254969,f2629eb34f670951d7d6057fe241d2c9e2fc6963,441736,618872,4667420,12622167
2,1702430134,6960c0dfc7712fdcf6c9a1dce3c47bf839981618,442276,618872,4667420,12622167
2,1703932970,5223c9fee4e5fb88db2e2a46d11ad0d39d499fd0,443268,618872,4667420,12622167
2,1704627627,d6d80afafdac42e0bee67afdcc511ac2c1f3237c,443836,618872,4667420,12622167
2,1704678312,71131559bb02d02bff54719104021da0a5f3b1bb,444204,618872,4667420,12622167
2,1704762215,c65d0f9285fce862548a6afa50616c5f7c971757,450968,618872,4667672,12622419
2,1705321924,103c9d53277615573ec9d307f7a6752d238f3419,453212,618872,4667672,12622419
2,1705334470,4879e4851b6821ae07e5abd6d76f8bd018e44305,453212,618872,4667672,12622419
2,1705368480,3e8687a93f69159b5d9f9d9b832d1dd5d3d1ceab,453788,618872,4667672,12622419
2,1705631480,8ec81909cc18970c73a09e46b08906aaff07d85f,455072,618872,4667672,12622419
2,1705632451,8dfe9feaed8aa63bd8fa4dfb9394426df58fd620,455072,618872,4667972,12622719
2,1705841405,15b4b52244724d5c7d70ce8e94eeee818abb6800,456588,618872,4667972,12622719
2,1705973470,b648fd371610ff6cc9d591d734236eb2f0c745e1,457544,618872,4667972,12622719
2,1706142560,8fa49ae69719f22a0294a05b18452c9d7646e7e4,458080,618872,4667972,12622719
2,1706180187,85984261b6f179cd85ac63fdd98e85322ae17672,458280,618872,4667972,12622719
2,1706304925,8289570d2361cdeeba089d26de883fee92a78c2d,458500,618872,4667972,12622719
2,1706441017,0f28ad1369a462aab6e8ce03d9906d605644bb5f,458500,618872,4668132,12622879
2,1706483641,0fde8a136c2bcffe960a434c61e0dc660fe0ad22,460012,618872,4668132,12622879
2,1706557528,e7e689f8092ed4e81c3c4230ab7338b67b4752af,460012,618872,4668132,12622879
2,1707395411,1e3fb2afae7604115f58976fa1acc8a1085135ea,464848,618872,4668132,12622879
2,1708121114,424c14f61d8e4f65f19bfdf5db8ef55b03425a72,465908,618872,4668132,12622879
2,1708207890,9757ee7e70334cf6000017be7c8986f318adef08,465908,618872,4668168,12622915
2,1708251298,01b12effbe6a1c42db302a63b617ded6e53ff543,472428,618872,4668358,12623105
2,1708279705,af2be4ddde7bdf7ba9ed5b200f9154b6fee4e25b,472428,618872,4668358,12623105
2,1708997584,8c3c0d06aa95bacaebb9b7557c573dd21ae461f6,472960,618872,4668358,12623105
2,1709061315,9006af7dcd5a621a4c6f27d17a35dd1af8d1a797,478792,618872,4668358,12623105
2,1709161177,8a5fab9986b6d94e9cea85b580a007c159dd36c5,478792,618872,4668358,12623105
2,1710979538,d069d9d821db6fe10f237a0aa996fd0e9226773a,479652,618872,4668358,12623105
2,1711500952,82112d86382e7772c4f7b1ae2707f7380f5aaeef,481176,618872,4668358,12623105
2,1711694245,2ba8c031bec2123a80302c849952ec881f1f8e8d,481176,618872,4668358,12623105
2,1712011100,113bff5a5b180bf22b72993609d78dfe1c3e0a89,483420,618872,4668358,12623105
2,1712139239,a30380bbbdbe58acbf2606b8656b738c68fdc77e,484104,618872,4668358,12623105
2,1712429091,66091519ce163e6e5793e605d71bf36b0b6a88e2,484392,618872,4668358,12623105
2,1712508921,7aee3a76099d6388db47128027b11f4ddb205a23,485924,618872,4668358,12623105
2,1712513754,5a7cb638c1c644ec973faf4e1a163b346b954421,485924,618872,4669290,12624037
2,1712514835,72c52e528d2475224991a87f4e0401c5fe39aad9,485924,618872,4669290,12624037
2,1712522599,2aaa063d6b75dda7072ec8d16f3585ea3ab29cf0,496376,618872,4669290,12624037
2,1713222346,df9e2848829faeb7ebf09b7e544004e572964b5b,497116,618872,4669290,12624037
2,1713302724,3c62ac6808351b17a12837cd529c25e49c0d7cfb,499168,618872,4669290,12624037
2,1713311055,4bd96fd9ce909684872759a568530c80abd90fcc,500292,618872,4669290,12624037
2,1713317546,f6895971208bb257ff9c4a94f7830ffd7bf567dd,501224,618872,4669290,12624037
2,1713318049,3597f404ff6aca6e5f8299db276c3b3bb4b7b824,501224,618872,4669290,12624037
2,1713318891,1ccf13ed7c1b04a3bb583fc47725a800b1ac13bc,501224,618872,4669290,12624037
2,1713359205,04483be95b59826831fc3f0f90f5aa85f12cba3d,501224,618872,4669290,12624037
2,1713371808,0949a3c7f0b2828c1ce5d9b1092148c3c2e6b754,501224,618872,4669290,12624037
2,1713373799,dcf5d7780345a6a599a911efcec3877a548c6e84,501848,618872,4669290,12624037
2,1713439087,6c331cb56f9eca57a4780229d1123eb6174381c6,501848,618872,4669290,12624037
2,1713453000,a36348a5e4ff37ee1a1f990828a0d99356100785,501848,618872,4669290,12624037
2,1713486903,c0966bc4f5cdbd50b1774de557f9c49afec72d2f,501848,618872,4669290,12624037
2,1713488945,09b467f0bf1611528d34a6cff27e26b7d3b91d77,501848,618872,4669290,12624037
2,1713529173,86d632cf01d9faacb4915c304fb21f4dfa7cd26f,501848,618872,4669634,12624037
2,1713542412,0e92bf9b1d00de75b56ec2fb4d3cada1daf9f400,501848,618872,4669634,12624037
2,1713551474,8b608e35510719b72b092bccb0c120425a07a515,501848,618872,4669634,12624037
2,1713699801,ef9bcf8006f964e1d05bfd1a607f358549e11778,501848,618872,4669634,12624037
2,1713710602,89949b454635ab3bf05c6292d696712dadf81c42,501880,618872,4670176,12624579
2,1713716115,976999a807c5b290ea8c828d99e4deda705c4e8e,502816,618872,4670176,12624579
2,1713721861,b96fcf33f6cc8062f3a6058ba3eecd26b570d21a,503980,618872,4670176,12624579
2,1713743597,750ffa7778bf83097cfaf369d178e92fe07f7d2a,504436,618872,4670176,12624579
2,1713829910,4b7756c97bfcfe18206c8f7cc90f8c712a3b5b2a,505180,618872,4670176,12624579
2,1714159665,02ed249bd2e36f4da8728f82e0c7362ffbbc061b,505180,618872,4670176,12624579
2,1714222013,c0ad30a6c54ceb245980bf884142f449abc7cafd,505180,618872,4670176,12624579
2,1714327918,c4137574914e0c6ce1e9afd4fd6c2aeddc23c9de,506480,618872,4670176,12624579
2,1714431590,45b403106df63098b9b7569d02d25a43605b81d7,507484,618872,4670176,12624579
2,1714522767,6db5e2da3026ee34b6933f14228029f791e9d019,508212,618872,4670176,12624579
2,1714957581,0b78bd1a686f5e5140e9e152d5922c83dbac088e,508928,618872,4670176,12624579
2,1715024507,4c59071377140f9994bb24bb25c0385038934c80,509744,618872,4670176,12624579
2,1715037117,312e58d3bd36aa5244425a8dfbb73a6008c7ad4f,511132,618872,4670176,12624579
2,1715102790,d4b5f365f4d94a5ff692fcd50321ccc0e31800d1,511132,618872,4670390,12624793
2,1715124611,19c367158ab31b8209a626f63231d74166e17fba,511132,618872,4670390,12624793
2,1715126353,6850996aecd1ac9ae9f6e43bc04126bc795b5721,511132,618872,4670390,12624793
2,1715161501,6e5721ae44eb3838f3d6e744d3387742547c69a2,511132,618872,4670390,12624793
2,1715182041,b3ba34ba213e69fe6b220679e7d11fd66c21b337,511132,618872,4670390,12624793
2,1715293838,3eed7359bf3921036b3afcb47f96467a7ee6e67c,511132,618872,4670390,12624793
2,1715332488,5314361c7d861bce98d818f7ed915a00c6117c7f,511132,618764,4670390,12624793
2,1715362237,14464c4084accca26d8e5e0abdabe39f81a0731a,515044,618764,4670390,12624825
2,1715538103,878cd1c504602228f77facf67137b97a6dcc9900,515044,618764,4670390,12624825
2,1715559320,a7fa1f59e07eb3bc351f1cb50960300e9add9cf6,515044,618764,4670390,12624825
2,1715638245,5468c87e552593d03de100d7eab9c42d65e3a39f,516004,618764,4670390,12624825
2,1715726409,818f8e855714dfb26b45713c373187281f8b8093,518096,618764,4670390,12624825
2,1715818119,da2b629d73eb3e72621726c53e1635e6ef7e6a37,518956,618764,4670390,12624825
2,1715818583,311c78ef54b1e04695faf9062f25fbd333b37e71,518956,618764,4670390,12624825
2,1715819607,f5a75bf70d2eb4cffbd199fb5009a744b492b7a7,518956,618764,4670390,12624825
2,1715904923,1e5ed903e6db1f7c4cdd9f44add9a5c40c3f7452,518956,618764,4670438,12624825
2,1715906795,f3f7a5fea1fd85dfe1827b5cd0bfb32fe17cea42,519672,618764,4670438,12624825
2,1715981718,9853ffcc3aacd79e7626dd447c68bd439a7c8169,519672,618764,4670438,12624825
2,1715998486,e14b82e163284292a439fb7bee69c388d1cf282b,519820,618764,4670438,12624825
2,1716159325,4ca1a3fdccd0c207f7b0c6d71c0d315e8c2dfce0,520376,618764,4670438,12624825
2,1716202987,111285656e9e520d1d5c290a08e3e230505d3fe1,520376,618764,4670442,12624829
2,1716244756,834c40eb6f47a07a284c4eea1517925d28df37e7,520376,618764,4670442,12624829
2,1716245938,ca56842a5ecb3a162bc8eff3e2dd313457e3002f,520376,618764,4670442,12624829
2,1716251083,4b5b12361588402bdfb23215057e6dd3cc197fb2,521484,618764,4670442,12624829
2,1716516604,900c31029a71f166f6f211cd96057da89e0f8ed2,521484,618764,4670442,12624829
2,1716613872,b9ecadba680e5f30b7d5c05f541f22188bf38838,522484,618764,4670442,12624829
2,1716618928,cb8438a7bc3628e0e1daf661dd6d0ccb554e9ad3,522988,618764,4670442,12624829
2,1716653343,7f7ca342566592d53acd081ce415a6a08cceda15,523240,618764,4672106,12626493
2,1716769306,b035c69cce2a96fa1157e6cdbf5a71c111841280,523240,618764,4672184,12626571
2,1717923884,ea91089217647c341442b7cb131323d6104802d2,530768,618764,4672288,12626675
2,1718064230,b1fb6fca1448b10442341206056a334c70d9190d,531608,618764,4672288,12626675
2,1718125381,bb14071fc01c0443bfed8d5a9352adb485f862e9,531608,618764,4672288,12626675
2,1718540447,a0b1a358120623973f8143f0ef474f0951754bd7,532456,618764,4672288,12626675
2,1718576042,43b4bd8fa735d75f287a53038b2bb3313e219020,532456,618764,4672288,12626675
2,1718793444,fcbaf7b7c13e4b41f573b211118a1090a17b9eb5,542904,618764,4673888,12628275
2,1719358588,4ca48c1f1466324670cc3a3da66a0194a5fd9dd2,544056,618764,4673888,12628275
2,1719425424,5e77dc2fc9734983164398232a011b565ff42036,544820,618764,4673888,12628275
2,1719426270,0f6ac9dd8796bab0fa705b2d5cf6664dbd7a7ad7,544820,618764,4673888,12628275
2,1719441567,99b299f82e0a2db90567316eda0d2f7729dced53,544820,618764,4673888,12628275
2,1719522203,699a81d27cfa5ad8c19f073fb229e908ac531442,544820,618764,4673938,12628325
2,1719561515,fd116efcf210225fa99614984ac9c733b23bbe20,545196,618764,4673938,12628325
2,1719965239,564b3b876cdd4df7adfdd0d0d36c8301ec94568b,545756,618764,4674064,12628451
2,1719966916,be7a797a58b7d652f6ec86a5f64b87c4aeecb3f1,558696,618764,4674064,12628451
2,1719967146,fdcb150eb68a781acfa03a82c5b31e123c77493a,558696,618764,4674064,12628451
2,1720216181,0bf447428776c789a14f0857eb3a851a701cd9e7,561212,618764,4674064,12628451
2,1720810714,cd970ffda0997b034f455d1d5e6853d902127024,561212,618764,4674062,12628449
2,1720813483,6395af6038b3faea9175cffbf7feea06a209c5b0,558896,618764,4674062,12628449
2,1722201950,8fdd433a2b4869d0743664c53ddd09b8684ddc9c,558896,618764,4674062,12628449
2,1723577854,592fe7d8a6f8c1d780e6fd33c7bb59b8d163fc8e,558896,618764,4674062,12628449
2,1724008086,b827e3e7fc56196f7dd8cc66ba885612c9a55f86,558896,618764,4674062,12628449
2,1724025435,12c9b05e2a836e090179387cc2a1deca4e8d0980,558896,618764,4674062,12628449
2,1724354143,1807071aab86a112bb474ff4b4666e6afadfc260,558896,618764,4674062,12628449
2,1724705274,7687ec7fe78ea315481193e485d0c72db292c16c,558896,618764,4674062,12628449
2,1725802517,8d3dc36b9733a7b15936088d2c90cd83905f7bb4,558896,618764,4674062,12628449
2,1727773879,55a59adbf95667771e40d37675e2ffd2b666b4e2,558896,618764,4674062,12628449
2,1728518824,1bc34d0ac8f21cdf142d9c2271ef5e9c4d54d8e7,558896,618764,4943846,12623917
2,1728582172,db858862ebcb68a74535d8ddd5143bdb62d77440,558896,618764,4943846,12623917
2,1728836182,b532dfc0973143f31d6efacc58ff53fb6f0ffcef,558896,618764,4943846,12623917
2,1728854439,14ef677a940dbfcbced9b1f706f2badf35865ced,558896,618764,4943846,12623917
2,1728867216,5cf9750cfe7ae79d361f81c3221ba26e97a0d26b,558896,618764,4943846,12623917
2,1728927744,c20342f7569e6cbeb66fc8ea0a0ce50ca380c3f2,558896,618764,4943846,12623917
2,1728929022,8030158fef8fc2da9387a774f014638af9873b36,558896,618764,4943846,12623917
2,1728930792,5ae514de789aed1493e4cd162ed3822996cd70ad,558896,618764,4943846,12623917
2,1729216167,c089c0e9d448772bca5227dfeffbf015f4493242,558896,618764,4943846,12623917
2,1729218075,0342efa64b066cc284ee61f1e06050d2a0ad545d,559148,618764,4943846,12623917
2,1729248738,2890d4c4be1cd2081e36e7f3c630110394724997,559696,618764,4943846,12623917
2,1729251298,40625d5624f5858f2e2ba4e74fb18cf5855d2ed5,559696,618764,4943846,12623917
2,1729266258,c72270896ef19590f9282da02a9f2926f5ced975,559696,618764,4943846,12623917
2,1729269151,18cd42721f8aff4f3edeaf704b22867a0b491a0d,559696,618764,4943846,12623917
2,1729275847,325b55d280deadfdc2c5d1d8991b9bf3d10d330b,559696,618764,4943846,12623917
2,1729277305,d91060c9f5a62c452e5f7eecf2295dc8967f41c3,559696,618764,4943846,12623917
2,1729302851,dbabbd41db238f0338fba4130d6ed2aac6bd7ecf,559696,618764,4943846,12623917
2,1729338654,deedab5a88222e2e6b0efc039a8688815a3aa344,559696,618764,4943846,12623917
2,1729349167,b026f7dc1ac10222ae7df877ad7d349b2cdce807,559696,618764,4943846,12623917
2,1729349779,2e94f8f4469cfc49d29122a84bfc2b7f147045ce,559696,618764,4943846,12623917
2,1729350039,59162a153ac3bb63f374664caa8af3cf45c44266,559696,618764,4943846,12623917
2,1729389481,45c4e28234898a383935fdaf55c65afed9c8488e,559696,618764,4943846,12623917
2,1729425589,c6cb174c286747b20823e1dbcd55e9f03b72e722,559696,618764,4943846,12623917
2,1729438623,75bb45bacdbb870e2a30924df4b75a7ed7d8b673,559696,618764,4943846,12623917
2,1729446802,207d4f6978255ca6ee84eb4e5f32ef09e3a325a4,559696,618764,4943846,12623917
2,1729452752,82b696b517d701a01022351f9e60d594cdae579e,559696,618764,4943846,12623917
2,1729467316,8cd55076fff3f4d2d3cdda2b0bd1d7821ecdda5c,559696,618764,4943846,12623917
2,1729472895,e8d526f1f2e258d8cf6ec0d198b4d7f527d28c05,559696,618764,4943846,12623917
2,1729535813,e9124c295ece615ddffd4ef8c01af8e371fc12b2,561848,618764,4943846,12623917
2,1729552346,02472a564825b6633bb1310192e401477f3b7b4b,561848,618764,4943846,12623917
2,1729729288,9016c0e28bfab9c4254c4a1e6084f2905bae9318,561848,618764,4943846,12623917
2,1730032221,77928236b55e0e6685b2d467ba0275fc6481ead4,561848,618764,4943846,12623917
2,1730113656,1f8bee518d055ebdd43232a451334d34b57b9a79,561848,618764,4943846,12623917
2,1730123739,41dd6611525092ffadca2e9d947598b66eee4831,561848,618764,4943846,12623917
2,1730151565,dbdc47973d11e393df17d54a3443b561774d49d0,561848,618764,4943846,12623917
2,1730157945,6ce0e6d05881e944ae3f728d323e9deec93a4988,561848,618764,4943846,12623917
2,1730252803,e4e58af16c0009126886ea5cf8bad69c2f2d81ab,562528,618764,4943846,12623917
2,1730253934,867ae940079fc99ccd06259c76c456405315bc9e,562528,618764,4943846,12623917
2,1730425199,df14416be0fe9f12dd2bc8764f36a34bf7384d12,562528,618764,4943846,12623917
2,1730486079,a9b54a03f8474c4b1a233f0b639d6a9aef42a0d4,563152,618764,4943846,12623917
2,1730511052,b32c325b4b2087982fe436faef6cf881bd8d33f1,563932,618764,4943846,12623917
2,1730512402,abb62096fe0e3cfbaf919fe25a33f2fcc00e8dff,563932,618764,4943846,12623917
2,1730517692,b2c20bcf211dab4e6bd07f578eadb264f52a381c,563932,618764,4943846,12623917
2,1730637528,b367c72c58aaa4a1e922eb91988b23ec38a9ace1,563932,618764,4943846,12623917
2,1730647065,e3941cc779149bbc04cf8bd6b936b682facd2e20,563932,618764,4943846,12623917
2,1730651601,6c536aeefd22ab1927e598cf2008c6b07520a3f5,563932,618764,4943846,12623917
2,1730851476,51199b0dd815e1643d09b39951090e1e781eaf06,563932,618764,4943846,12623917
2,1730902794,d19786933add09eda1373f749f3780fdaf53897b,563932,618764,4943846,12623917
2,1731018552,9818e9f84dd09029c15c6456ad5345b5c5160303,563932,618764,4943846,12623917
2,1731088525,4fa329c49fe1fb5582e79e8aa10e1e79e2004fe6,563932,618764,4943846,12623917
2,1731088548,aabbf861da7c46a5d63c1113802a584f6204b820,563932,618764,4943846,12623917
2,1731285461,015692281f445ab25532abaf78c14636ca9a563c,563932,618764,4943846,12623917
2,1731373027,3ccdaf4f53d67870542de0be195e2cb9450ae6e1,563932,618764,4943846,12623917
2,1731459098,5eda1475078576369afbfde79aa512871b279af5,563932,618764,4943846,12623917
2,1732491622,3aca6222d96e0620b5015161ffd5abf2fb7f268a,563932,618764,4943846,12623917
2,1732493251,4508686f71c001fe499f92b3d3a172a71eae4f18,563932,618764,4943846,12623917
2,1732852781,9856f4dfb6a09d3afec9f80bfb53654c4141221c,563932,618764,4943846,12623917
2,1732883476,5c5335fcc42bfe78bbce19177ca3dd2ed00be6f5,563932,618764,4943846,12623917
2,1733357634,3cc9f449bdccb9b2638a8706ef33ad11989c7727,563932,618764,4943846,12623917
2,1735416776,57376092f04c840bbf8d90703d7ab5b1c3be2135,563932,618764,4943846,12623917
2,1735669047,a6a6c61cdcffdf6de444202ec24e3463ad737c11,565168,618764,4943846,12623917
2,1736034631,4aa35ee10b8040a25f076543b15934d8faa4c597,565168,618764,4943846,12623917
2,1736116896,ac3c4ebca62e4e0ef46e617c6b8d2ec063947ced,565168,618764,4943846,12623917
2,1736120068,db841c44cd9d83e96eee1846ef283b41287b4f03,566724,618764,4943846,12623917
2,1736125548,a8fdb6b77174c03a1fc71fc057ef7aea228f42cb,567024,618764,4943846,12623917
2,1736158922,52fca55b6cca2a08f95d7e5991f9b20b0b4159f6,567024,618764,4943846,12623917
2,1736202467,78ade1816be4c1fed2752f1df786430a9eb0e865,567024,618764,4943846,12623917
2,1736204718,a86b727e8d305bdac36c3c9683d7a4914b76bed8,567420,618764,4943846,12623917
2,1736205075,e7c40b10e6e46ea9cfe5f16380c0d4912e240617,567420,618764,4943846,12623917
2,1736207048,58e515ee45bbf31096ebff766ed6aeb9d5be65bf,567420,618764,4943846,12623917
2,1736294508,74504297770c58fc58e699106c4fb364afe94906,567420,618764,4943846,12623917
2,1736382402,9944eacfde4accc203f70e061b2dafd48c0d1046,567956,618764,4943846,12623917
2,1736382637,8934d90c71b160399522b69fdc19cd59717a2143,567956,618764,4943846,12623917
2,1736508089,f8065be6c6d8d686170c54fc125ae53f724371fc,567956,618764,4943846,12623917
2,1736511167,bf240fda8814260b9e61ef3f62afed7b7f55b2c1,540336,618764,4943846,12623917
2,1736612926,5ff1ba20a9bd9d11cdab3cebf81c00692bd70ea0,540336,618764,4943846,12623917
2,1736639070,2a0cb85533f7c5b16b67ba5aa39ffd36bd1c3234,540336,618764,4943846,12623917
2,1736644495,756104b4bb56b18ddbc478991e88cceceefe163b,540336,618764,4943846,12623917
2,1736682317,5010dd1d42fb565ca28b691607b4aeba34eba6bd,540336,618764,4943846,12623917
2,1736708647,d3110b8234e80c5f4e8c6399df77eabd84773a15,541772,618764,4943846,12623917
2,1736711044,91d071968d9fa6b5a3f74e8da838ade646a43d65,543256,618764,4943846,12623917
2,1736730381,743b2cb31d8ed657444ea53de200a35d0c390e93,544136,618764,4943846,12623917
2,1736799010,46c43f12d9fff26ab54185f0a5aac7cadd912c7b,547740,618764,4943846,12623917
2,1736805029,c20fd5e97c9877f45d3d3fd45f1bb711284e7468,549092,618764,4943846,12623917
2,1736856627,20dbc834369cf8e6e8ec2ea71b08d9ce0e97a17c,549092,618764,4943846,12623917
2,1736897589,c6791c559f2f2459e703cbb97c749cc24cf3c2c5,549092,618764,4943846,12623917
2,1736905762,e74b8a5f3a6fc9b0774a2c80af385c3217a80d77,549940,618764,4943846,12623917
2,1736906693,e0eaf39e4c805bf51c86d8bdbee2bf085e78fa25,550756,618764,4943846,12623917
2,1736956879,f19d490243bceb91aed3dac0c1fc400d11ca6865,550756,618764,4943846,12623917
2,1736975482,cf4d8ecaed69b9fdb8824882a8eea70eaa1d8167,550756,618764,4943846,12623917
2,1736979902,7d78e2dd39a1ebd7bd821e076b0b5ce77b8cc6c0,550756,618764,4943846,12623917
2,1736989596,c6a0a8c61459cb179afd9e1825deecb617c7f753,556428,618764,4943846,12623917
2,1736989975,b64a0f0c821e03e65d33bd189b34c02a6fb49197,556428,618764,4943846,12623917
2,1737086938,cec845d8de708f37d0af83ad48b339ac5d6f09cf,556428,618764,4943846,12623917
2,1737143041,2fcc7143e5e7622ee1e56a230d59ab61c2899555,556428,618764,4943846,12623917
2,1737176496,8c85ad0164581a511d04f5a7ac22b7657dc4c8ea,556428,618764,4943846,12623917
2,1737221824,28f5f0f5076a719f1a820ffbb6b09a05c33db0b5,556428,618764,4943846,12623917
2,1737292043,807c41f01ec99ca71ce36399866d36390a1519ff,556428,618764,4943846,12623917
2,1737293192,804ced4e10616edc5beadb202916d6b1daefc8aa,556428,618764,4943846,12623917
2,1737317325,fbe407a0743cf46d2d7bf97a079f120663dbbf78,556428,618764,4943846,12623917
2,1737320446,2508a8d1a27f0b676bc0ce3ed623796f05155b20,556428,618764,4943846,12623917
2,1737329850,05eebf465f8f78c6ed1257eceb66004723051e16,557712,618764,4943846,12623917
2,1737364128,188ebc4a9e7422e4ff218c6d98222e90d066396f,559604,618764,4943846,12623917
2,1737367618,191f6d815cf401b006e10374b8d428f1e629e89c,560628,618764,4943846,12623917
2,1737424146,c4cc962619b82caf5a39da9944a2821c05d978cd,560628,618764,4943846,12623917
2,1737464911,c4b50f9bb1487c1ec992aab4c07d8d06ee593973,560628,618764,4943846,12623917
2,1737483304,9de1b17037d34ef15936b7d97b57e57f65ae9a3e,560628,618764,4943846,12623917
2,1737509829,2cc6095e70e43616be8d948c4b205b192c9578a9,560992,618764,4943846,12623917
2,1737545114,0b6965bbb82c1a1481f08872c1e90601d5ea8361,562736,618764,4943846,12623917
2,1737547088,81376b5c5677a947b74fe740d0c16a558dc4aef8,563044,618764,4943846,12623917
2,1737582898,de3a0d78878bf4f5fa56599a569331cf814de6d1,563044,618764,4943846,12623917
2,1737582944,fe9e7c0b09e569fa6fb0d82628721e5da40b190f,563372,618764,4943846,12623917
2,1737587864,68ec412457409c30fe25383ae0e339f885b90347,564028,618764,4943846,12623917
2,1737595436,0af6623b6cd2a4fa1e7dd5a3c3d4f6494a649478,564028,618764,4943846,12623917
2,1737651976,d5294aafb9e5fa24ee3ff655c7402e2b2bfafe92,564028,618764,4943846,12623917
2,1737657512,eecc810e6c07dd0a0da82d7cab41201cd0115c06,564028,618764,4943846,12623917
2,1737679427,c2954e3b52a7f68a4560fd9bc87a3d443fb4370d,565224,618764,4943846,12623917
2,1737711905,63e38f15c8a31fa619bc57a8fa1ffc4ccad876d4,565224,618764,4943846,12623917
2,1737722125,1d0f985d281deb71cea7228e72256718b95ae9e0,565224,618764,4943846,12623917
2,1738025494,45f305625e6605283071d52809939e9ceabab581,567616,618764,4943846,12623917
2,1738185564,e831653f1ac69d5bc8f537b14db0a8b171186426,567616,618764,4943846,12623917
2,1738199509,55a73a6e6d9b73cf03801c04b476fbbd3578ee2e,567616,618764,4943846,12623917
2,1738252175,1ec87f4337f40961ca285ffa67949d3754de0c32,567616,618764,4943846,12623917
2,1738438109,5829a0b10dde9f1371a463e05ced1e3a55eb9d82,567616,618764,4943846,12623917
2,1738664599,c480cfaa3c0c984589978e4d8b14db3e416c459a,567616,618764,4943846,12623917
2,1738713209,b4f0acff6296733219949cbe0abab0ba443f5c8f,567616,618764,4943846,12623917
2,1738973143,dfc8b5ef6c795026523e4e54eb141e6c81ab2fdd,567616,618764,4943846,12623917
2,1739136469,dbfadea0eae3c9a991d344368f638666b862820b,567616,618764,4943846,12623917
2,1739395002,688b1424049542a43b1bfd396fa709296b5a35c7,569552,618764,4943846,12623917
2,1739479245,199c5020f52c5101d5c5609fe5b2e09a64cdf1e8,569552,618764,4943846,12623917
2,1739532698,1bb658fbbc736107f1bbf7b15c3090e285d2c0b4,569552,618764,4943846,12623917
2,1739796434,018ddc51daa5c9c95e9e73f369fe9e0aca4a9441,569552,618764,4943846,12623917
2,1740708211,80f50c7ddb933ab09acc539a2e8fa44a3463265d,569552,618764,4943843,12623914
2,1741527645,932e6a8b5599e4257c465c7d183a25d130bb68d7,569552,618764,4943843,12623914
2,1741652149,6788e2e9411889ecf3659f610de619930c3fee04,569552,618764,4943843,12623914
2,1742153001,4120e4d998f95287e329019200263d4d7edf29a7,569552,618764,4943843,12623914
2,1742407725,c35510e1cccea00efe53f3c6eb7ddfd26919a140,569552,618764,4943843,12623914
2,1742511615,911ad8a8083aee894f248b06df145a696c1cef70,569552,618764,4943843,12623914
2,1742947238,b968521af86c10f51c6fcfd8c095e39f7a07eb78,569552,618764,4943843,12623914
2,1743547850,37c4c5051a9d5fb363145f6c214c8acfdb25142a,569552,618764,4948373,12628444
2,1743724055,c801fab74a7019bf70327b6466b9d8a91ce0132a,569552,618764,4948373,12628444
2,1743867736,9524d5e7e786c02ee92ca1eb294f3da1635bccf6,569552,618764,4948373,12628444
2,1743943338,fe1120fc5dc24875c7aa52ae68ef4f1d98e5904a,569552,618764,4948373,12628444
2,1743954081,aae02908ced6f43efae88d2e9ef73abd55588fbf,569552,618764,4948373,12628444
2,1744069513,c4344bad3f819772e276bdb79a23cdffa7a7d749,569552,618764,4948373,12628444
2,1744070180,183e3251e7c73dcebfedb0cbcb3db8f77c8afd9c,569552,618764,4948373,12628444
2,1744159290,0bf166ea85dc2d0f273455eaca08b524304dd07f,569552,618764,4948373,12628444
2,1744335839,64c8a4c79c741efd58cbf4632bea4bb0bb17387a,569552,618764,4948373,12628444
2,1744767460,06b34a1ac55aac5f5bdd1444b89184e5faaec95b,569552,618764,4948373,12628444
2,1747613929,4ba7a111013da8df1570f44eeba30c92aa68c988,569552,618764,4948373,12628444
2,1747648757,4babb9afe8ab5eef2ad6a65d59d0bd7e8af5b12e,569552,618764,4948373,12628444
2,1747688526,43c0516436a0894376006b83de50141f0355ea17,569552,618764,4948373,12628444
2,1747689776,8ed25d4405375fc0b2632f74d9565953f72ee35e,569552,618764,4948373,12628444
2,1747691727,aa9a44fc1079d20a6d8d97b52871beead096651a,569552,618764,4948373,12628444
2,1747695178,9ad1d648e5573202f9fcd725dca0448291614cb2,569552,618764,4948373,12628444
2,1747698998,e080df6a384bd17c56315a0f7d6ecba39db7e5e2,569552,618764,4948373,12628444
2,1747772315,a50397b821177fb7aaa68065b88cbddfa472bece,569552,618764,4948373,12628444
2,1747786584,bbf9f06068bb7b87064b6b0b181e31beb292782b,569552,618764,4948373,12628444
2,1747859360,0c699fec377467426e7eb82f7865c3d6c07aaacf,569552,618764,4948373,12628444
2,1747860713,9f88e7ee0197afd16854105b7c5473c9f08bb876,569552,618764,4948373,12628444
2,1747958922,136bc9e4bf3d9f2e58dff202cb82bbf334a77ad0,569552,618764,4948373,12628444
2,1747960060,44e6882ebada935de7043de5a2ff728b8106d977,569552,618764,4948373,12628444
2,1748025764,a792da62f916fdcc5bc75de5866f74cde29f9bbc,569552,618764,4948373,12628444
2,1748043836,b821aa2cd29fab4d07f3cd654a7ff6ca4e95189b,569552,618764,4948373,12628444
2,1748046076,5fe2dd6e1fda1385d4773b4917ce2a05a42f8d9f,569552,618764,4948373,12628444
2,1748216127,9eecbbf97a1bc2e1f0e8643e660ad6ffd4721c26,569552,618764,4948373,12628444
2,1748219718,8277637adf030ef0e421d310d30b5b5912187924,569552,618764,4948373,12628444
2,1748260999,5bf16695b7704e7376d5491d7c932b2bfa61474d,569552,618764,4948373,12628444
2,1748386681,b8b86ad53c4d0b6184a4cb6868ee42b3a9af7dd5,569552,618764,4948373,12628444
2,1748389744,1ed0f1c15b778bce2f841ea0a19e5bc9731434ca,569552,618764,4948373,12628444
2,1748458259,ece261f01b91aa1f777f2add3ed910b5f4f5043a,569552,618764,4948373,12628444
2,1748474421,b426d69c13a1ff644c98193da18e1c11157d9243,572028,618764,4948373,12628444
2,1748555455,6e365062fe9de1a7e237dc1b23d7205422b26e10,572028,618764,4948372,12628443
2,1748600995,e723b274e4dbefab93994ddde95f586db4be5d91,572028,618764,4948372,12628443
2,1748637605,cc657a5e612b69faefd8e4cd0f6517226bc07511,572028,618764,4948372,12628443
2,1748689472,8b89d102fd821ee8f782d7d1386baedb15075022,572028,618764,4948372,12628443
2,1748692627,d06f1a56db63aeaa529e0f27e8c14a637d51b686,572028,618764,4948372,12628443
2,1748696090,e443e7f2155cd07257c3cfeb013020a85be5d5a0,572028,618764,4948372,12628443
2,1748696945,be962339f8a9229a93d4eab6478d87bebb617f16,572028,618764,4948372,12628443
2,1748701927,85edce060680a509d8ae8bc2c7daf3a0f631394a,572028,618764,4948372,12628443
2,1748710070,8d9beadf74c4c3fcde21cb7c56c924f9fdba5826,572028,618764,4948372,12628443
2,1748717563,999b5436ec4a4df5f6903a0915656c76803b3d2f,572028,618764,4948372,12628443
2,1748735221,e5d20fef84b854af6028bcdf78374b1da878892f,572028,618764,4948372,12628443
2,1748780216,f77ec0f443ca184758fbc88a7aa2cd408c53d0b5,572028,618764,4948372,12628443
2,1748783208,7b443de57a3dadfd600347f9de474efec6820127,572028,618764,4948372,12628443
2,1748800134,1a02bc7aeac9de9cc4995e1e2d7034f9b1efd63f,572028,618764,4948372,12628443
2,1748809235,33ca446cf26c31515f45cd8787a005011714ad41,572028,618764,4948372,12628443
2,1748824234,e6133c3ca6356124bf1f341e351e119921cef8e7,572028,618764,4948372,12628443
2,1748904237,879cc035882cbb2f0a40c8b19348cdbca4685c69,572028,618764,4948372,12628443
2,1748906964,272fa4bf737aa65bbf4f0d0044472f7ea577e712,572028,618764,4948372,12628443
2,1748907585,3f16d9e9abc91282267859cab20274d55bd7d019,572028,618764,4948372,12628443
2,1748981122,f3be75acf63be3f71d74c8457f8c533d0f0738be,572028,618764,4948372,12628443
2,1749082301,b931d194681ba86dd0630d35e48b60484cfedc5f,572028,618764,4948372,12628443
2,1749245720,0bbf668c43d18514067b43fc8a0eea790c74674d,572028,618764,4948372,12628443
2,1749246520,7730370f6e7d324f6a3e6b7e4d98ee0118220119,572028,618764,4948372,12628443
2,1749261920,72e780db8209bb7919dcb87c6c7a9accc22353b0,572028,618764,4948372,12628443
2,1749314966,5d0cd817acf62082d9d4275d31f5c9109f7029d3,572028,618764,4948372,12628443
2,1749339562,718d91b1e1b420b4d73b7e5355fb2f47266a3227,572028,618764,4948372,12628443
2,1749388497,a4d8bd26e7dc2fd74773d956689d63f236fd0953,572028,618764,4948372,12628443
2,1749496979,5e144a0984f2864d545a15935fa3ac2762d20164,572028,618764,4948372,12628443
2,1749511639,30623cabc335ba856a0354aa62a1b92b195957d4,572028,618764,4948372,12628443
2,1749595906,1545c7590fdc5df725ba835b6b6cf167989f1bbb,572028,618764,4948372,12628443
2,1749599192,ef15f06c322a026636259f0b72a6a973bffdfc01,572028,618764,4948372,12628443
2,1749668978,b3ff6aea72945c18f2fd41dbb0014c2a6891c6f3,572028,618764,4948372,12628443
2,1749670187,03b904e2fa412acb286e64a09e3b9aa0dda08830,572028,618764,4948372,12628443
2,1749671238,b416f3c3ec6b798be0bac9d55a89ab6b65b213d1,572028,618764,4948372,12628443
2,1749684417,222a5dde1dfb279291fc8a9c9efd555bb124fa78,572028,618764,4948372,12628443
2,1749774717,4f32c50e6b2a90c5e1a28f6cc4bd1cfbef78d2c5,572028,618764,4948372,12628443
2,1749842790,0afb80e2bb97cab792fc507e13498db2417549fc,572028,618764,4948372,12628443
2,1749863464,3050112a30605bc3c49c7c069b12d39985190a00,572028,618764,4948372,12628443
2,1749902204,c6f76bbc67c426b0bc839e96552898d418e82852,572028,618764,4948372,12628443
2,1749925966,612dc7cf19f31e3835c46f883f6db0d0c34d021f,572028,618764,4948372,12628443
2,1750166370,b84d5962f8330b00784771ab9f68ff2580619e48,572028,618764,4948372,12628443
2,1750192931,2d06e1eec797606d74d58a014b162e02aa952008,572028,618764,4948372,12628443
2,1750205061,affabe4250e9c9d93ab132ba1475bf65d3b330dc,572028,618764,4948372,12628443
2,1750262293,fe92fe59415d451884811c8bb21d90ab93e1a88d,572028,618764,4948372,12628443
2,1750268644,5d9d7923adb9607a842232b6c5b796681e24efc2,569636,618764,4948372,12628443
2,1750270224,c4f9b6671a7ccb69928a462aafcdd0a93c26901b,569636,618764,4948372,12628443
2,1751745378,1117087767d994147c7988051977bf0499f65074,569636,618764,4948372,12628443
2,1752434599,680ad427962910b7d6a6dc04bdab93bf6df23e54,569636,618764,4948372,12628443
2,1753033888,4f841b2347819906fb48287852e358961e5750a7,569636,618764,4948372,12628443
2,1755454383,bca6d98f9b5edeb702453547fd041d469585809b,571168,618764,4948372,12628443
2,1755456326,f581f4886b12e3c7155562c6bde9168a2252ed0a,574000,618764,4948372,12628443
2,1755551587,64bd7a996c51722ca903f4fa2dfeff9e31b63c3a,574000,618764,4948372,12628443
2,1755561660,62fee8ebb0ae9612b6611afaee8c5dd229feb355,574000,618764,4948372,12628443
2,1755690247,8e64b8678a5a1fd00c9cf0b8b163945f1e8204b9,574000,618764,4948372,12628443
2,1756684089,b7964cdc425dcc7fbc426e32d1ffb6f90e6ad026,574000,618764,4948372,12628443
2,1757072020,3eee086e27b0b5a4fe677e1f60b20304c5066a55,574000,618764,4948372,12628443
2,1757278603,e0c2ca69f60240fdb674734173f2da469be5a901,574000,618764,4948372,12628443
2,1757281584,f60edd8617a8b0d76e73212ddbf72d1fc3c8a981,574000,618764,4948372,12628443
2,1757282885,57bd63de86b72dfca5edcf9452d4721ed04318fb,574000,618764,4948372,12628443
2,1757370971,2848c21061a66f67ed7c7b072326125c4ec10a42,574000,618764,4948372,12628443
2,1757376733,be488083232e3f8af0f7abfda67eadd80ed080e9,574000,618764,4948372,12628443
2,1757377895,8a6a4f0c62023fa357a0fa948973ffb4d8d6594f,574000,618764,4948372,12628443
2,1757638038,e9208f63ba1e9112271b28d28089cf9802bfda68,574000,618764,4948372,12628443
2,1757685684,41555a15ec9b299647e89e9a35e8e4e352506f5a,574000,618764,4948372,12628443
2,1757706932,884c8c007e806a8cdb98931061abddd84afd098e,574000,618764,4948372,12628443
2,1757782872,86d9c25caeef9f4578cae3e2d2c8f2e6470f0e4a,574000,618764,4948372,12628443
2,1757785642,7d04dd10e28e996d4c6a5b482f97dc55b7b8c435,574000,618764,4948372,12628443
2,1758067126,776d203252af9aee69600cae2b3e04778ace161b,574000,618764,4948372,12628443
2,1758302098,8133ce141fc6e15df204ef7da6113571bafee4be,576076,618764,4948372,12628443
2,1758463282,be820f416bdb1a5573c098e44adb8953faef98d6,576076,618764,4948372,12628443
2,1758465266,79b856b52d6b18b47111844f69c947e52aa06360,576076,618764,4948372,12628443
2,1758465484,296aefb1c51d4f0c03e2a997dea4524f12b8ed0f,576076,618764,4948372,12628443
2,1758466757,4f7a8e1232b41904b1b41526170c18aeecc7dd27,576076,618764,4948372,12628443
2,1758480328,e876edfb76cfaf32c2e927609f80c365a9e5c876,576076,618764,4948372,12628443
2,1758523045,9cd122c837fa242c240debad6591427c30fb5c14,576076,618764,4948372,12628443
2,1758578863,2ed420c0382533f9d2928fb0c86d45775243536f,576076,618764,4948372,12628443
2,1758915550,534c28851e545303f8d9f2e4139ab82df109ee20,576076,618764,4948372,12628443
2,1758916905,0a760dcb855724d4dc0e6e4fde6dc8f675bf087b,576076,618764,4948372,12628443
2,1759169469,2d940c8a242ae8e2723a0204a5c620575320e27f,577056,618764,4948372,12628443
2,1760866388,6910dfffa412917598dcbcbf2250ed1bab64a199,577056,618764,4948372,12628443
2,1760871750,69085aafabc82825cff9925485921d10153da429,578336,618764,4948372,12628443
2,1760873501,504e5386f0cef42e6c64745188a3c11c4037883f,578336,618764,4948372,12628443
2,1761003272,662f9f1868579a6c39a9753dd4a49e2785f46089,578012,618764,4948372,12628443
2,1761003293,5f55b79900b37228ccf244e30089c8f89b63fc34,578012,618764,4948372,12628443
2,1761089459,97d08a93524b9ec9cfeb9e1dff55b5f9ba8857ef,579008,618764,4948372,12628443
2,1761089859,8c2bc69c3a5a327427c1dc1b7e6f078c49c88d00,579008,618764,4948372,12628443
2,1761174355,e6e1d0dfc0fe53228f1d4d06daacbade7a22b200,579008,618764,4948372,12628443
2,1761345965,ed587008e07fe7a20729f422ec6706336d1e821c,579008,618764,4948372,12628443
2,1761442515,022b2935378bd005ea22a9b994ea168121804476,579008,618764,4948372,12628443
2,1762014579,2b81c899b5579ee7faa03d85a40dd277113a4f8e,579008,618764,4948372,12628443
2,1762033465,110146d493b2d6b68caddc74f49ffc30f9efd1d5,579008,618764,4948372,12628443
2,1762083838,44eaa7fee4d85d3cf39961f8cdf4c722525ce5b9,579008,618764,4948372,12628443
2,1762429837,02faa346b23f574a6c4ee1367496b776fe9b1f19,579008,618764,4948372,12628443
2,1762783779,9875fc85c61f379f6a065cc1af8b278dfe389fec,579008,618764,4948372,12628443
2,1763292821,981955eaae2b0417a29f9086c0007a1332fded5f,579008,618764,4948372,12628443
2,1766158366,293787148bdc4e7cd93bfb81564f993444c94805,577800,618764,4948372,12628443
2,1766518100,0383c80539d36e724a5c2a69e211305e8658237b,577800,618764,4948372,12628443
2,1766749522,b6c726440677c5488d1ac700e885dccb1d3f7438,577800,618764,4948372,12628443
2,1766929325,b7bef9feba014080a610bd2a71fe8c1d2e364c4d,577800,618764,4948372,12628443
2,1766934808,c4252bb4c11a429bd282d585133d1d115f080348,577800,618764,4948372,12628443
2,1767060711,2d8692077cacf4322867e2c2235ef24024a0a567,577800,618764,4948372,12628443
2,1767496703,5f7c70c9bb1d8a6474cf24cac8ac7aa8da648a45,577800,618764,4948372,12628443
2,1767530712,f370bbd3074db952537809889b740f7322085cfd,577800,618764,4948372,12628443
2,1767916562,03c02c01950d5e34ab9f697eed55244634c39223,577800,618764,4948372,12628443
2,1768050031,0d13e61e45be81dee10445a5e65fa584706518e4,577800,618764,4948372,12628443
2,1768144117,23efc76cc3b5195e375ec6841a1c44cb9e5f9ea4,577800,618764,4948372,12628443
2,1768219463,d63b961554ae959589737728ccfee5e09f2f8772,579604,618764,4948372,12628443
2,1769911044,57c264f8d5d0b9dd09bae01f8da1e3adbfc33a2c,579604,618764,4948372,12628443
2,1770033575,1cdd6ffdc7f611faaa9174f6696b9bff5677bc45,579604,618764,4948372,12628443
2,1771027677,982496d4ec2d490f607c2bbbd361d9ab1c01f40f,579604,618764,4948372,12628443
2,1771028678,651dcca336e944b9c695f9c4487ae6fed0f4950a,579604,618764,4948372,12628443
2,1771072561,7f1ffc3e30b5d3ef2b8e2e567497cc9ce4acda9c,579604,618764,4948372,12628443
2,1771080367,3cc51ac190e6f8bb8c7444434e9f0bfac2488fc2,579604,618764,4948372,12628443
2,1771191420,91288fb33e91f2f5abb94b66239bc1cd31a65971,579604,618764,4948372,12628443
2,1771291641,2d42c0efae6a492fe63e2b931f206fb77e4a3bea,579604,618764,4948372,12628443
2,1771411667,8e3c505308a6903b71ddded6fcee95dede35c55e,579604,618764,4948372,12628443
